EN300-251348_i003_EN300-97777_i001_10_3_1	gold_soln_amine_3_m1113_10.mol2	gold_soln_acide_1_m382_3.mol2
EN300-251348_i003_EN300-194291_i002_10_12_1	gold_soln_amine_3_m1113_10.mol2	gold_soln_acide_2_m6787_12.mol2
EN300-251348_i003_EN300-194291_i002_10_16_1	gold_soln_amine_3_m1113_10.mol2	gold_soln_acide_2_m6787_16.mol2
EN300-251348_i003_EN300-97777_i001_16_3_1	gold_soln_amine_3_m1113_16.mol2	gold_soln_acide_1_m382_3.mol2
EN300-251348_i003_EN300-194291_i002_16_16_1	gold_soln_amine_3_m1113_16.mol2	gold_soln_acide_2_m6787_16.mol2
EN300-251348_i003_EN300-1198129_i001_18_9_1	gold_soln_amine_3_m1113_18.mol2	gold_soln_acide_1_m127_9.mol2
EN300-251348_i003_EN300-315786_i001_18_20_1	gold_soln_amine_3_m1113_18.mol2	gold_soln_acide_2_m6664_20.mol2
EN300-251348_i003_EN300-194291_i002_18_10_1	gold_soln_amine_3_m1113_18.mol2	gold_soln_acide_2_m6787_10.mol2
EN300-251348_i003_EN300-194291_i002_18_16_1	gold_soln_amine_3_m1113_18.mol2	gold_soln_acide_2_m6787_16.mol2
EN300-251348_i003_EN300-222254_i002_2_4_1	gold_soln_amine_3_m1113_2.mol2	gold_soln_acide_2_m3756_4.mol2
EN300-251348_i003_EN300-306118_i001_2_2_1	gold_soln_amine_3_m1113_2.mol2	gold_soln_acide_2_m6465_2.mol2
EN300-251348_i003_EN300-306118_i001_2_4_1	gold_soln_amine_3_m1113_2.mol2	gold_soln_acide_2_m6465_4.mol2
EN300-251348_i003_EN300-344045_i001_2_2_1	gold_soln_amine_3_m1113_2.mol2	gold_soln_acide_2_m6937_2.mol2
EN300-251348_i003_EN300-97777_i001_5_3_1	gold_soln_amine_3_m1113_5.mol2	gold_soln_acide_1_m382_3.mol2
EN300-251348_i003_EN300-194291_i002_5_16_1	gold_soln_amine_3_m1113_5.mol2	gold_soln_acide_2_m6787_16.mol2
EN300-251348_i003_EN300-97777_i001_8_3_1	gold_soln_amine_3_m1113_8.mol2	gold_soln_acide_1_m382_3.mol2
EN300-251348_i003_EN300-315786_i001_8_15_1	gold_soln_amine_3_m1113_8.mol2	gold_soln_acide_2_m6664_15.mol2
EN300-251348_i003_EN300-194291_i002_8_16_1	gold_soln_amine_3_m1113_8.mol2	gold_soln_acide_2_m6787_16.mol2
EN300-256216_i001_EN300-34862_i002_10_10_1	gold_soln_amine_3_m1236_10.mol2	gold_soln_acide_2_m6525_10.mol2
EN300-256216_i001_EN300-107901_i001_10_14_1	gold_soln_amine_3_m1236_10.mol2	gold_soln_acide_2_m6590_14.mol2
EN300-256216_i001_EN300-1231025_i001_11_11_1	gold_soln_amine_3_m1236_11.mol2	gold_soln_acide_1_m268_11.mol2
EN300-256216_i001_EN300-222254_i002_11_16_1	gold_soln_amine_3_m1236_11.mol2	gold_soln_acide_2_m3756_16.mol2
EN300-256216_i001_EN300-1198129_i001_13_11_1	gold_soln_amine_3_m1236_13.mol2	gold_soln_acide_1_m127_11.mol2
EN300-256216_i001_EN300-4287209_i001_13_3_1	gold_soln_amine_3_m1236_13.mol2	gold_soln_acide_1_m195_3.mol2
EN300-256216_i001_EN300-19857_i001_13_20_1	gold_soln_amine_3_m1236_13.mol2	gold_soln_acide_1_m2793_20.mol2
EN300-256216_i001_EN300-222254_i002_13_7_1	gold_soln_amine_3_m1236_13.mol2	gold_soln_acide_2_m3756_7.mol2
EN300-256216_i001_EN300-306118_i001_13_10_1	gold_soln_amine_3_m1236_13.mol2	gold_soln_acide_2_m6465_10.mol2
EN300-256216_i001_EN300-306118_i001_13_13_1	gold_soln_amine_3_m1236_13.mol2	gold_soln_acide_2_m6465_13.mol2
EN300-256216_i001_EN300-306118_i001_13_14_1	gold_soln_amine_3_m1236_13.mol2	gold_soln_acide_2_m6465_14.mol2
EN300-256216_i001_EN300-306118_i001_13_17_1	gold_soln_amine_3_m1236_13.mol2	gold_soln_acide_2_m6465_17.mol2
EN300-256216_i001_EN300-306118_i001_13_4_1	gold_soln_amine_3_m1236_13.mol2	gold_soln_acide_2_m6465_4.mol2
EN300-256216_i001_EN300-306118_i001_13_6_1	gold_soln_amine_3_m1236_13.mol2	gold_soln_acide_2_m6465_6.mol2
EN300-256216_i001_EN300-306118_i001_13_7_1	gold_soln_amine_3_m1236_13.mol2	gold_soln_acide_2_m6465_7.mol2
EN300-256216_i001_EN300-344045_i001_13_2_1	gold_soln_amine_3_m1236_13.mol2	gold_soln_acide_2_m6937_2.mol2
EN300-256216_i001_EN300-344045_i001_13_3_1	gold_soln_amine_3_m1236_13.mol2	gold_soln_acide_2_m6937_3.mol2
EN300-256216_i001_EN300-1087079_i001_14_4_1	gold_soln_amine_3_m1236_14.mol2	gold_soln_acide_1_m10295_4.mol2
EN300-256216_i001_EN300-1198129_i001_14_19_1	gold_soln_amine_3_m1236_14.mol2	gold_soln_acide_1_m127_19.mol2
EN300-256216_i001_EN300-4287209_i001_14_3_1	gold_soln_amine_3_m1236_14.mol2	gold_soln_acide_1_m195_3.mol2
EN300-256216_i001_EN300-19857_i001_14_20_1	gold_soln_amine_3_m1236_14.mol2	gold_soln_acide_1_m2793_20.mol2
EN300-256216_i001_EN300-222254_i002_14_2_1	gold_soln_amine_3_m1236_14.mol2	gold_soln_acide_2_m3756_2.mol2
EN300-256216_i001_EN300-222254_i002_14_4_1	gold_soln_amine_3_m1236_14.mol2	gold_soln_acide_2_m3756_4.mol2
EN300-256216_i001_EN300-222254_i002_14_7_1	gold_soln_amine_3_m1236_14.mol2	gold_soln_acide_2_m3756_7.mol2
EN300-256216_i001_EN300-306118_i001_14_10_1	gold_soln_amine_3_m1236_14.mol2	gold_soln_acide_2_m6465_10.mol2
EN300-256216_i001_EN300-306118_i001_14_13_1	gold_soln_amine_3_m1236_14.mol2	gold_soln_acide_2_m6465_13.mol2
EN300-256216_i001_EN300-306118_i001_14_2_1	gold_soln_amine_3_m1236_14.mol2	gold_soln_acide_2_m6465_2.mol2
EN300-256216_i001_EN300-306118_i001_14_4_1	gold_soln_amine_3_m1236_14.mol2	gold_soln_acide_2_m6465_4.mol2
EN300-256216_i001_EN300-306118_i001_14_6_1	gold_soln_amine_3_m1236_14.mol2	gold_soln_acide_2_m6465_6.mol2
EN300-256216_i001_EN300-306118_i001_14_7_1	gold_soln_amine_3_m1236_14.mol2	gold_soln_acide_2_m6465_7.mol2
EN300-256216_i001_EN300-223795_i001_14_13_1	gold_soln_amine_3_m1236_14.mol2	gold_soln_acide_2_m6724_13.mol2
EN300-256216_i001_EN300-344045_i001_14_2_1	gold_soln_amine_3_m1236_14.mol2	gold_soln_acide_2_m6937_2.mol2
EN300-256216_i001_EN300-344045_i001_14_3_1	gold_soln_amine_3_m1236_14.mol2	gold_soln_acide_2_m6937_3.mol2
EN300-256216_i001_EN300-222254_i002_15_16_1	gold_soln_amine_3_m1236_15.mol2	gold_soln_acide_2_m3756_16.mol2
EN300-256216_i001_EN300-222254_i002_15_2_1	gold_soln_amine_3_m1236_15.mol2	gold_soln_acide_2_m3756_2.mol2
EN300-256216_i001_EN300-307464_i001_15_13_1	gold_soln_amine_3_m1236_15.mol2	gold_soln_acide_2_m6586_13.mol2
EN300-256216_i001_EN300-307464_i001_15_18_1	gold_soln_amine_3_m1236_15.mol2	gold_soln_acide_2_m6586_18.mol2
EN300-256216_i001_EN300-307464_i001_15_20_1	gold_soln_amine_3_m1236_15.mol2	gold_soln_acide_2_m6586_20.mol2
EN300-256216_i001_EN300-307464_i001_15_4_1	gold_soln_amine_3_m1236_15.mol2	gold_soln_acide_2_m6586_4.mol2
EN300-256216_i001_EN300-206926_i001_15_10_1	gold_soln_amine_3_m1236_15.mol2	gold_soln_acide_3_m420_10.mol2
EN300-256216_i001_EN300-1231025_i001_16_10_1	gold_soln_amine_3_m1236_16.mol2	gold_soln_acide_1_m268_10.mol2
EN300-256216_i001_EN300-1231025_i001_16_14_1	gold_soln_amine_3_m1236_16.mol2	gold_soln_acide_1_m268_14.mol2
EN300-256216_i001_EN300-1231025_i001_16_7_1	gold_soln_amine_3_m1236_16.mol2	gold_soln_acide_1_m268_7.mol2
EN300-256216_i001_EN300-1231025_i001_16_8_1	gold_soln_amine_3_m1236_16.mol2	gold_soln_acide_1_m268_8.mol2
EN300-256216_i001_EN300-206926_i001_16_10_1	gold_soln_amine_3_m1236_16.mol2	gold_soln_acide_3_m420_10.mol2
EN300-256216_i001_EN300-206926_i001_16_4_1	gold_soln_amine_3_m1236_16.mol2	gold_soln_acide_3_m420_4.mol2
EN300-256216_i001_EN300-206926_i001_16_5_1	gold_soln_amine_3_m1236_16.mol2	gold_soln_acide_3_m420_5.mol2
EN300-256216_i001_EN300-206926_i001_16_9_1	gold_soln_amine_3_m1236_16.mol2	gold_soln_acide_3_m420_9.mol2
EN300-256216_i001_EN300-1087079_i001_17_4_1	gold_soln_amine_3_m1236_17.mol2	gold_soln_acide_1_m10295_4.mol2
EN300-256216_i001_EN300-4287209_i001_17_3_1	gold_soln_amine_3_m1236_17.mol2	gold_soln_acide_1_m195_3.mol2
EN300-256216_i001_EN300-19857_i001_17_19_1	gold_soln_amine_3_m1236_17.mol2	gold_soln_acide_1_m2793_19.mol2
EN300-256216_i001_EN300-19857_i001_17_20_1	gold_soln_amine_3_m1236_17.mol2	gold_soln_acide_1_m2793_20.mol2
EN300-256216_i001_EN300-306118_i001_17_2_1	gold_soln_amine_3_m1236_17.mol2	gold_soln_acide_2_m6465_2.mol2
EN300-256216_i001_EN300-306118_i001_17_7_1	gold_soln_amine_3_m1236_17.mol2	gold_soln_acide_2_m6465_7.mol2
EN300-256216_i001_EN300-107901_i001_18_14_1	gold_soln_amine_3_m1236_18.mol2	gold_soln_acide_2_m6590_14.mol2
EN300-256216_i001_EN300-1198129_i001_19_2_1	gold_soln_amine_3_m1236_19.mol2	gold_soln_acide_1_m127_2.mol2
EN300-256216_i001_EN300-1198129_i001_19_9_1	gold_soln_amine_3_m1236_19.mol2	gold_soln_acide_1_m127_9.mol2
EN300-256216_i001_EN300-4287209_i001_19_6_1	gold_soln_amine_3_m1236_19.mol2	gold_soln_acide_1_m195_6.mol2
EN300-256216_i001_EN300-19857_i001_19_15_1	gold_soln_amine_3_m1236_19.mol2	gold_soln_acide_1_m2793_15.mol2
EN300-256216_i001_EN300-19857_i001_19_19_1	gold_soln_amine_3_m1236_19.mol2	gold_soln_acide_1_m2793_19.mol2
EN300-256216_i001_EN300-97777_i001_19_8_1	gold_soln_amine_3_m1236_19.mol2	gold_soln_acide_1_m382_8.mol2
EN300-256216_i001_EN300-1071101_i001_19_8_1	gold_soln_amine_3_m1236_19.mol2	gold_soln_acide_1_m8527_8.mol2
EN300-256216_i001_EN300-315786_i001_19_20_1	gold_soln_amine_3_m1236_19.mol2	gold_soln_acide_2_m6664_20.mol2
EN300-256216_i001_EN300-194291_i002_19_16_1	gold_soln_amine_3_m1236_19.mol2	gold_soln_acide_2_m6787_16.mol2
EN300-256216_i001_EN300-1231025_i001_2_17_1	gold_soln_amine_3_m1236_2.mol2	gold_soln_acide_1_m268_17.mol2
EN300-256216_i001_EN300-1231025_i001_2_3_1	gold_soln_amine_3_m1236_2.mol2	gold_soln_acide_1_m268_3.mol2
EN300-256216_i001_EN300-1231025_i001_2_7_1	gold_soln_amine_3_m1236_2.mol2	gold_soln_acide_1_m268_7.mol2
EN300-256216_i001_EN300-1231025_i001_2_8_1	gold_soln_amine_3_m1236_2.mol2	gold_soln_acide_1_m268_8.mol2
EN300-256216_i001_EN300-206926_i001_2_10_1	gold_soln_amine_3_m1236_2.mol2	gold_soln_acide_3_m420_10.mol2
EN300-256216_i001_EN300-206926_i001_2_9_1	gold_soln_amine_3_m1236_2.mol2	gold_soln_acide_3_m420_9.mol2
EN300-312564_i001_EN300-1087079_i001_10_4_1	gold_soln_amine_3_m696_10.mol2	gold_soln_acide_1_m10295_4.mol2
EN300-312564_i001_EN300-4287209_i001_10_2_1	gold_soln_amine_3_m696_10.mol2	gold_soln_acide_1_m195_2.mol2
EN300-312564_i001_EN300-4287209_i001_10_3_1	gold_soln_amine_3_m696_10.mol2	gold_soln_acide_1_m195_3.mol2
EN300-312564_i001_EN300-19857_i001_10_20_1	gold_soln_amine_3_m696_10.mol2	gold_soln_acide_1_m2793_20.mol2
EN300-312564_i001_EN300-19857_i001_10_5_1	gold_soln_amine_3_m696_10.mol2	gold_soln_acide_1_m2793_5.mol2
EN300-312564_i001_EN300-222254_i002_10_2_1	gold_soln_amine_3_m696_10.mol2	gold_soln_acide_2_m3756_2.mol2
EN300-312564_i001_EN300-306118_i001_10_10_1	gold_soln_amine_3_m696_10.mol2	gold_soln_acide_2_m6465_10.mol2
EN300-312564_i001_EN300-306118_i001_10_13_1	gold_soln_amine_3_m696_10.mol2	gold_soln_acide_2_m6465_13.mol2
EN300-312564_i001_EN300-306118_i001_10_14_1	gold_soln_amine_3_m696_10.mol2	gold_soln_acide_2_m6465_14.mol2
EN300-312564_i001_EN300-306118_i001_10_6_1	gold_soln_amine_3_m696_10.mol2	gold_soln_acide_2_m6465_6.mol2
EN300-312564_i001_EN300-307464_i001_10_18_1	gold_soln_amine_3_m696_10.mol2	gold_soln_acide_2_m6586_18.mol2
EN300-312564_i001_EN300-307464_i001_10_20_1	gold_soln_amine_3_m696_10.mol2	gold_soln_acide_2_m6586_20.mol2
EN300-312564_i001_EN300-307464_i001_10_4_1	gold_soln_amine_3_m696_10.mol2	gold_soln_acide_2_m6586_4.mol2
EN300-312564_i001_EN300-223795_i001_10_13_1	gold_soln_amine_3_m696_10.mol2	gold_soln_acide_2_m6724_13.mol2
EN300-312564_i001_EN300-344045_i001_10_2_1	gold_soln_amine_3_m696_10.mol2	gold_soln_acide_2_m6937_2.mol2
EN300-312564_i001_EN300-206926_i001_10_9_1	gold_soln_amine_3_m696_10.mol2	gold_soln_acide_3_m420_9.mol2
EN300-312564_i001_EN300-18555_i001_14_6_1	gold_soln_amine_3_m696_14.mol2	gold_soln_acide_1_m2798_6.mol2
EN300-312564_i001_EN300-1165841_i001_14_15_1	gold_soln_amine_3_m696_14.mol2	gold_soln_acide_1_m324_15.mol2
EN300-312564_i001_EN300-1165841_i001_14_8_1	gold_soln_amine_3_m696_14.mol2	gold_soln_acide_1_m324_8.mol2
EN300-312564_i001_EN300-222254_i002_14_5_1	gold_soln_amine_3_m696_14.mol2	gold_soln_acide_2_m3756_5.mol2
EN300-312564_i001_EN300-344045_i001_14_1_1	gold_soln_amine_3_m696_14.mol2	gold_soln_acide_2_m6937_1.mol2
EN300-312564_i001_EN300-344045_i001_14_12_1	gold_soln_amine_3_m696_14.mol2	gold_soln_acide_2_m6937_12.mol2
EN300-312564_i001_EN300-43851_i001_14_12_1	gold_soln_amine_3_m696_14.mol2	gold_soln_acide_3_m206_12.mol2
EN300-312564_i001_EN300-43851_i001_14_19_1	gold_soln_amine_3_m696_14.mol2	gold_soln_acide_3_m206_19.mol2
EN300-312564_i001_EN300-43851_i001_14_5_1	gold_soln_amine_3_m696_14.mol2	gold_soln_acide_3_m206_5.mol2
EN300-312564_i001_EN300-35009_i001_14_10_1	gold_soln_amine_3_m696_14.mol2	gold_soln_acide_3_m8936_10.mol2
EN300-312564_i001_EN300-35009_i001_14_12_1	gold_soln_amine_3_m696_14.mol2	gold_soln_acide_3_m8936_12.mol2
EN300-312564_i001_EN300-35009_i001_14_17_1	gold_soln_amine_3_m696_14.mol2	gold_soln_acide_3_m8936_17.mol2
EN300-312564_i001_EN300-1198129_i001_17_19_1	gold_soln_amine_3_m696_17.mol2	gold_soln_acide_1_m127_19.mol2
EN300-312564_i001_EN300-19857_i001_17_20_1	gold_soln_amine_3_m696_17.mol2	gold_soln_acide_1_m2793_20.mol2
EN300-312564_i001_EN300-306118_i001_17_10_1	gold_soln_amine_3_m696_17.mol2	gold_soln_acide_2_m6465_10.mol2
EN300-312564_i001_EN300-306118_i001_17_13_1	gold_soln_amine_3_m696_17.mol2	gold_soln_acide_2_m6465_13.mol2
EN300-312564_i001_EN300-306118_i001_17_17_1	gold_soln_amine_3_m696_17.mol2	gold_soln_acide_2_m6465_17.mol2
EN300-312564_i001_EN300-306118_i001_17_2_1	gold_soln_amine_3_m696_17.mol2	gold_soln_acide_2_m6465_2.mol2
EN300-312564_i001_EN300-306118_i001_17_4_1	gold_soln_amine_3_m696_17.mol2	gold_soln_acide_2_m6465_4.mol2
EN300-312564_i001_EN300-306118_i001_17_6_1	gold_soln_amine_3_m696_17.mol2	gold_soln_acide_2_m6465_6.mol2
EN300-312564_i001_EN300-306118_i001_17_7_1	gold_soln_amine_3_m696_17.mol2	gold_soln_acide_2_m6465_7.mol2
EN300-312564_i001_EN300-223795_i001_17_13_1	gold_soln_amine_3_m696_17.mol2	gold_soln_acide_2_m6724_13.mol2
EN300-312564_i001_EN300-344045_i001_17_2_1	gold_soln_amine_3_m696_17.mol2	gold_soln_acide_2_m6937_2.mol2
EN300-312564_i001_EN300-4287209_i001_18_3_1	gold_soln_amine_3_m696_18.mol2	gold_soln_acide_1_m195_3.mol2
EN300-312564_i001_EN300-19857_i001_18_20_1	gold_soln_amine_3_m696_18.mol2	gold_soln_acide_1_m2793_20.mol2
EN300-312564_i001_EN300-222254_i002_18_7_1	gold_soln_amine_3_m696_18.mol2	gold_soln_acide_2_m3756_7.mol2
EN300-312564_i001_EN300-306118_i001_18_4_1	gold_soln_amine_3_m696_18.mol2	gold_soln_acide_2_m6465_4.mol2
EN300-312564_i001_EN300-306118_i001_18_7_1	gold_soln_amine_3_m696_18.mol2	gold_soln_acide_2_m6465_7.mol2
EN300-312564_i001_EN300-223795_i001_18_13_1	gold_soln_amine_3_m696_18.mol2	gold_soln_acide_2_m6724_13.mol2
EN300-312564_i001_EN300-344045_i001_18_2_1	gold_soln_amine_3_m696_18.mol2	gold_soln_acide_2_m6937_2.mol2
EN300-312564_i001_EN300-4287209_i001_19_6_1	gold_soln_amine_3_m696_19.mol2	gold_soln_acide_1_m195_6.mol2
EN300-312564_i001_EN300-1231025_i001_19_1_1	gold_soln_amine_3_m696_19.mol2	gold_soln_acide_1_m268_1.mol2
EN300-312564_i001_EN300-19857_i001_19_14_1	gold_soln_amine_3_m696_19.mol2	gold_soln_acide_1_m2793_14.mol2
EN300-312564_i001_EN300-19857_i001_19_15_1	gold_soln_amine_3_m696_19.mol2	gold_soln_acide_1_m2793_15.mol2
EN300-312564_i001_EN300-1165841_i001_19_9_1	gold_soln_amine_3_m696_19.mol2	gold_soln_acide_1_m324_9.mol2
EN300-312564_i001_EN300-194291_i002_19_10_1	gold_soln_amine_3_m696_19.mol2	gold_soln_acide_2_m6787_10.mol2
EN300-312564_i001_EN300-194291_i002_19_13_1	gold_soln_amine_3_m696_19.mol2	gold_soln_acide_2_m6787_13.mol2
EN300-312564_i001_EN300-43851_i001_19_5_1	gold_soln_amine_3_m696_19.mol2	gold_soln_acide_3_m206_5.mol2
EN300-312564_i001_EN300-206926_i001_19_13_1	gold_soln_amine_3_m696_19.mol2	gold_soln_acide_3_m420_13.mol2
EN300-312564_i001_EN300-206926_i001_19_19_1	gold_soln_amine_3_m696_19.mol2	gold_soln_acide_3_m420_19.mol2
EN300-312564_i001_EN300-35009_i001_19_10_1	gold_soln_amine_3_m696_19.mol2	gold_soln_acide_3_m8936_10.mol2
EN300-312564_i001_EN300-35009_i001_19_12_1	gold_soln_amine_3_m696_19.mol2	gold_soln_acide_3_m8936_12.mol2
EN300-312564_i001_EN300-107901_i001_3_10_1	gold_soln_amine_3_m696_3.mol2	gold_soln_acide_2_m6590_10.mol2
EN300-312564_i001_EN300-4287209_i001_5_3_1	gold_soln_amine_3_m696_5.mol2	gold_soln_acide_1_m195_3.mol2
EN300-312564_i001_EN300-222254_i002_5_4_1	gold_soln_amine_3_m696_5.mol2	gold_soln_acide_2_m3756_4.mol2
EN300-312564_i001_EN300-306118_i001_5_10_1	gold_soln_amine_3_m696_5.mol2	gold_soln_acide_2_m6465_10.mol2
EN300-312564_i001_EN300-306118_i001_5_13_1	gold_soln_amine_3_m696_5.mol2	gold_soln_acide_2_m6465_13.mol2
EN300-312564_i001_EN300-306118_i001_5_17_1	gold_soln_amine_3_m696_5.mol2	gold_soln_acide_2_m6465_17.mol2
EN300-312564_i001_EN300-306118_i001_5_2_1	gold_soln_amine_3_m696_5.mol2	gold_soln_acide_2_m6465_2.mol2
EN300-312564_i001_EN300-306118_i001_5_4_1	gold_soln_amine_3_m696_5.mol2	gold_soln_acide_2_m6465_4.mol2
EN300-312564_i001_EN300-306118_i001_5_6_1	gold_soln_amine_3_m696_5.mol2	gold_soln_acide_2_m6465_6.mol2
EN300-312564_i001_EN300-223795_i001_5_13_1	gold_soln_amine_3_m696_5.mol2	gold_soln_acide_2_m6724_13.mol2
EN300-312564_i001_EN300-344045_i001_5_2_1	gold_soln_amine_3_m696_5.mol2	gold_soln_acide_2_m6937_2.mol2
EN300-312564_i001_EN300-701715_i002_6_4_1	gold_soln_amine_3_m696_6.mol2	gold_soln_acide_3_m292_4.mol2
EN300-312564_i001_EN300-97777_i001_7_19_1	gold_soln_amine_3_m696_7.mol2	gold_soln_acide_1_m382_19.mol2
EN300-312564_i001_EN300-34862_i002_7_1_1	gold_soln_amine_3_m696_7.mol2	gold_soln_acide_2_m6525_1.mol2
EN300-312564_i001_EN300-34862_i002_7_14_1	gold_soln_amine_3_m696_7.mol2	gold_soln_acide_2_m6525_14.mol2
EN300-312564_i001_EN300-34862_i002_7_3_1	gold_soln_amine_3_m696_7.mol2	gold_soln_acide_2_m6525_3.mol2
EN300-312564_i001_EN300-701715_i002_7_19_1	gold_soln_amine_3_m696_7.mol2	gold_soln_acide_3_m292_19.mol2
EN300-312564_i001_EN300-701715_i002_7_3_1	gold_soln_amine_3_m696_7.mol2	gold_soln_acide_3_m292_3.mol2
EN300-312564_i001_EN300-222254_i002_8_4_1	gold_soln_amine_3_m696_8.mol2	gold_soln_acide_2_m3756_4.mol2
EN300-312564_i001_EN300-306118_i001_8_10_1	gold_soln_amine_3_m696_8.mol2	gold_soln_acide_2_m6465_10.mol2
EN300-312564_i001_EN300-344045_i001_8_3_1	gold_soln_amine_3_m696_8.mol2	gold_soln_acide_2_m6937_3.mol2
EN300-843819_i001_EN300-34862_i002_1_10_1	gold_soln_amine_3_m757_1.mol2	gold_soln_acide_2_m6525_10.mol2
EN300-843819_i001_EN300-34862_i002_13_10_1	gold_soln_amine_3_m757_13.mol2	gold_soln_acide_2_m6525_10.mol2
EN300-843819_i001_EN300-34862_i002_3_10_1	gold_soln_amine_3_m757_3.mol2	gold_soln_acide_2_m6525_10.mol2
EN300-843819_i001_EN300-34862_i002_5_10_1	gold_soln_amine_3_m757_5.mol2	gold_soln_acide_2_m6525_10.mol2
EN300-843819_i001_EN300-107901_i001_5_4_1	gold_soln_amine_3_m757_5.mol2	gold_soln_acide_2_m6590_4.mol2
EN300-843819_i001_EN300-34862_i002_6_10_1	gold_soln_amine_3_m757_6.mol2	gold_soln_acide_2_m6525_10.mol2
EN300-843819_i001_EN300-34862_i002_8_10_1	gold_soln_amine_3_m757_8.mol2	gold_soln_acide_2_m6525_10.mol2
EN300-703997_i001_EN300-194291_i002_1_16_1	gold_soln_amine_3_m817_1.mol2	gold_soln_acide_2_m6787_16.mol2
EN300-703997_i001_EN300-4287209_i001_11_3_1	gold_soln_amine_3_m817_11.mol2	gold_soln_acide_1_m195_3.mol2
EN300-703997_i001_EN300-19857_i001_11_20_1	gold_soln_amine_3_m817_11.mol2	gold_soln_acide_1_m2793_20.mol2
EN300-703997_i001_EN300-222254_i002_11_4_1	gold_soln_amine_3_m817_11.mol2	gold_soln_acide_2_m3756_4.mol2
EN300-703997_i001_EN300-222254_i002_11_7_1	gold_soln_amine_3_m817_11.mol2	gold_soln_acide_2_m3756_7.mol2
EN300-703997_i001_EN300-222254_i002_11_9_1	gold_soln_amine_3_m817_11.mol2	gold_soln_acide_2_m3756_9.mol2
EN300-703997_i001_EN300-306118_i001_11_10_1	gold_soln_amine_3_m817_11.mol2	gold_soln_acide_2_m6465_10.mol2
EN300-703997_i001_EN300-306118_i001_11_13_1	gold_soln_amine_3_m817_11.mol2	gold_soln_acide_2_m6465_13.mol2
EN300-703997_i001_EN300-306118_i001_11_2_1	gold_soln_amine_3_m817_11.mol2	gold_soln_acide_2_m6465_2.mol2
EN300-703997_i001_EN300-306118_i001_11_4_1	gold_soln_amine_3_m817_11.mol2	gold_soln_acide_2_m6465_4.mol2
EN300-703997_i001_EN300-306118_i001_11_6_1	gold_soln_amine_3_m817_11.mol2	gold_soln_acide_2_m6465_6.mol2
EN300-703997_i001_EN300-306118_i001_11_7_1	gold_soln_amine_3_m817_11.mol2	gold_soln_acide_2_m6465_7.mol2
EN300-703997_i001_EN300-344045_i001_11_2_1	gold_soln_amine_3_m817_11.mol2	gold_soln_acide_2_m6937_2.mol2
EN300-703997_i001_EN300-344045_i001_11_3_1	gold_soln_amine_3_m817_11.mol2	gold_soln_acide_2_m6937_3.mol2
EN300-703997_i001_EN300-1198129_i001_13_11_1	gold_soln_amine_3_m817_13.mol2	gold_soln_acide_1_m127_11.mol2
EN300-703997_i001_EN300-4287209_i001_13_3_1	gold_soln_amine_3_m817_13.mol2	gold_soln_acide_1_m195_3.mol2
EN300-703997_i001_EN300-19857_i001_13_20_1	gold_soln_amine_3_m817_13.mol2	gold_soln_acide_1_m2793_20.mol2
EN300-703997_i001_EN300-222254_i002_13_7_1	gold_soln_amine_3_m817_13.mol2	gold_soln_acide_2_m3756_7.mol2
EN300-703997_i001_EN300-306118_i001_13_10_1	gold_soln_amine_3_m817_13.mol2	gold_soln_acide_2_m6465_10.mol2
EN300-703997_i001_EN300-306118_i001_13_13_1	gold_soln_amine_3_m817_13.mol2	gold_soln_acide_2_m6465_13.mol2
EN300-703997_i001_EN300-306118_i001_13_17_1	gold_soln_amine_3_m817_13.mol2	gold_soln_acide_2_m6465_17.mol2
EN300-703997_i001_EN300-306118_i001_13_2_1	gold_soln_amine_3_m817_13.mol2	gold_soln_acide_2_m6465_2.mol2
EN300-703997_i001_EN300-306118_i001_13_4_1	gold_soln_amine_3_m817_13.mol2	gold_soln_acide_2_m6465_4.mol2
EN300-703997_i001_EN300-306118_i001_13_6_1	gold_soln_amine_3_m817_13.mol2	gold_soln_acide_2_m6465_6.mol2
EN300-703997_i001_EN300-306118_i001_13_7_1	gold_soln_amine_3_m817_13.mol2	gold_soln_acide_2_m6465_7.mol2
EN300-703997_i001_EN300-344045_i001_13_2_1	gold_soln_amine_3_m817_13.mol2	gold_soln_acide_2_m6937_2.mol2
EN300-703997_i001_EN300-344045_i001_13_3_1	gold_soln_amine_3_m817_13.mol2	gold_soln_acide_2_m6937_3.mol2
EN300-703997_i001_EN300-97777_i001_14_3_1	gold_soln_amine_3_m817_14.mol2	gold_soln_acide_1_m382_3.mol2
EN300-703997_i001_EN300-315786_i001_14_15_1	gold_soln_amine_3_m817_14.mol2	gold_soln_acide_2_m6664_15.mol2
EN300-703997_i001_EN300-194291_i002_14_12_1	gold_soln_amine_3_m817_14.mol2	gold_soln_acide_2_m6787_12.mol2
EN300-703997_i001_EN300-194291_i002_14_16_1	gold_soln_amine_3_m817_14.mol2	gold_soln_acide_2_m6787_16.mol2
EN300-703997_i001_EN300-43851_i001_14_17_1	gold_soln_amine_3_m817_14.mol2	gold_soln_acide_3_m206_17.mol2
EN300-703997_i001_EN300-1087079_i001_17_4_1	gold_soln_amine_3_m817_17.mol2	gold_soln_acide_1_m10295_4.mol2
EN300-703997_i001_EN300-4287209_i001_17_3_1	gold_soln_amine_3_m817_17.mol2	gold_soln_acide_1_m195_3.mol2
EN300-703997_i001_EN300-19857_i001_17_20_1	gold_soln_amine_3_m817_17.mol2	gold_soln_acide_1_m2793_20.mol2
EN300-703997_i001_EN300-222254_i002_17_4_1	gold_soln_amine_3_m817_17.mol2	gold_soln_acide_2_m3756_4.mol2
EN300-703997_i001_EN300-222254_i002_17_7_1	gold_soln_amine_3_m817_17.mol2	gold_soln_acide_2_m3756_7.mol2
EN300-703997_i001_EN300-306118_i001_17_10_1	gold_soln_amine_3_m817_17.mol2	gold_soln_acide_2_m6465_10.mol2
EN300-703997_i001_EN300-306118_i001_17_13_1	gold_soln_amine_3_m817_17.mol2	gold_soln_acide_2_m6465_13.mol2
EN300-703997_i001_EN300-306118_i001_17_2_1	gold_soln_amine_3_m817_17.mol2	gold_soln_acide_2_m6465_2.mol2
EN300-703997_i001_EN300-306118_i001_17_4_1	gold_soln_amine_3_m817_17.mol2	gold_soln_acide_2_m6465_4.mol2
EN300-703997_i001_EN300-306118_i001_17_6_1	gold_soln_amine_3_m817_17.mol2	gold_soln_acide_2_m6465_6.mol2
EN300-703997_i001_EN300-306118_i001_17_7_1	gold_soln_amine_3_m817_17.mol2	gold_soln_acide_2_m6465_7.mol2
EN300-703997_i001_EN300-344045_i001_17_2_1	gold_soln_amine_3_m817_17.mol2	gold_soln_acide_2_m6937_2.mol2
EN300-703997_i001_EN300-344045_i001_17_3_1	gold_soln_amine_3_m817_17.mol2	gold_soln_acide_2_m6937_3.mol2
EN300-703997_i001_EN300-1198129_i001_18_19_1	gold_soln_amine_3_m817_18.mol2	gold_soln_acide_1_m127_19.mol2
EN300-703997_i001_EN300-1198129_i001_18_2_1	gold_soln_amine_3_m817_18.mol2	gold_soln_acide_1_m127_2.mol2
EN300-703997_i001_EN300-1198129_i001_18_9_1	gold_soln_amine_3_m817_18.mol2	gold_soln_acide_1_m127_9.mol2
EN300-703997_i001_EN300-315786_i001_18_12_1	gold_soln_amine_3_m817_18.mol2	gold_soln_acide_2_m6664_12.mol2
EN300-703997_i001_EN300-194291_i002_18_16_1	gold_soln_amine_3_m817_18.mol2	gold_soln_acide_2_m6787_16.mol2
EN300-703997_i001_EN300-1198129_i001_3_19_1	gold_soln_amine_3_m817_3.mol2	gold_soln_acide_1_m127_19.mol2
EN300-703997_i001_EN300-4287209_i001_3_3_1	gold_soln_amine_3_m817_3.mol2	gold_soln_acide_1_m195_3.mol2
EN300-703997_i001_EN300-19857_i001_3_19_1	gold_soln_amine_3_m817_3.mol2	gold_soln_acide_1_m2793_19.mol2
EN300-703997_i001_EN300-19857_i001_3_20_1	gold_soln_amine_3_m817_3.mol2	gold_soln_acide_1_m2793_20.mol2
EN300-703997_i001_EN300-97777_i001_3_8_1	gold_soln_amine_3_m817_3.mol2	gold_soln_acide_1_m382_8.mol2
EN300-703997_i001_EN300-222254_i002_3_4_1	gold_soln_amine_3_m817_3.mol2	gold_soln_acide_2_m3756_4.mol2
EN300-703997_i001_EN300-222254_i002_3_7_1	gold_soln_amine_3_m817_3.mol2	gold_soln_acide_2_m3756_7.mol2
EN300-703997_i001_EN300-306118_i001_3_10_1	gold_soln_amine_3_m817_3.mol2	gold_soln_acide_2_m6465_10.mol2
EN300-703997_i001_EN300-306118_i001_3_13_1	gold_soln_amine_3_m817_3.mol2	gold_soln_acide_2_m6465_13.mol2
EN300-703997_i001_EN300-306118_i001_3_2_1	gold_soln_amine_3_m817_3.mol2	gold_soln_acide_2_m6465_2.mol2
EN300-703997_i001_EN300-306118_i001_3_4_1	gold_soln_amine_3_m817_3.mol2	gold_soln_acide_2_m6465_4.mol2
EN300-703997_i001_EN300-306118_i001_3_7_1	gold_soln_amine_3_m817_3.mol2	gold_soln_acide_2_m6465_7.mol2
EN300-703997_i001_EN300-315786_i001_3_12_1	gold_soln_amine_3_m817_3.mol2	gold_soln_acide_2_m6664_12.mol2
EN300-703997_i001_EN300-194291_i002_3_16_1	gold_soln_amine_3_m817_3.mol2	gold_soln_acide_2_m6787_16.mol2
EN300-703997_i001_EN300-344045_i001_3_2_1	gold_soln_amine_3_m817_3.mol2	gold_soln_acide_2_m6937_2.mol2
EN300-703997_i001_EN300-344045_i001_3_3_1	gold_soln_amine_3_m817_3.mol2	gold_soln_acide_2_m6937_3.mol2
EN300-703997_i001_EN300-1198129_i001_4_11_1	gold_soln_amine_3_m817_4.mol2	gold_soln_acide_1_m127_11.mol2
EN300-703997_i001_EN300-1198129_i001_4_19_1	gold_soln_amine_3_m817_4.mol2	gold_soln_acide_1_m127_19.mol2
EN300-703997_i001_EN300-1198129_i001_4_2_1	gold_soln_amine_3_m817_4.mol2	gold_soln_acide_1_m127_2.mol2
EN300-703997_i001_EN300-4287209_i001_4_3_1	gold_soln_amine_3_m817_4.mol2	gold_soln_acide_1_m195_3.mol2
EN300-703997_i001_EN300-19857_i001_4_19_1	gold_soln_amine_3_m817_4.mol2	gold_soln_acide_1_m2793_19.mol2
EN300-703997_i001_EN300-97777_i001_4_8_1	gold_soln_amine_3_m817_4.mol2	gold_soln_acide_1_m382_8.mol2
EN300-703997_i001_EN300-222254_i002_4_7_1	gold_soln_amine_3_m817_4.mol2	gold_soln_acide_2_m3756_7.mol2
EN300-703997_i001_EN300-222254_i002_4_9_1	gold_soln_amine_3_m817_4.mol2	gold_soln_acide_2_m3756_9.mol2
EN300-703997_i001_EN300-306118_i001_4_10_1	gold_soln_amine_3_m817_4.mol2	gold_soln_acide_2_m6465_10.mol2
EN300-703997_i001_EN300-306118_i001_4_13_1	gold_soln_amine_3_m817_4.mol2	gold_soln_acide_2_m6465_13.mol2
EN300-703997_i001_EN300-306118_i001_4_2_1	gold_soln_amine_3_m817_4.mol2	gold_soln_acide_2_m6465_2.mol2
EN300-703997_i001_EN300-306118_i001_4_4_1	gold_soln_amine_3_m817_4.mol2	gold_soln_acide_2_m6465_4.mol2
EN300-703997_i001_EN300-306118_i001_4_7_1	gold_soln_amine_3_m817_4.mol2	gold_soln_acide_2_m6465_7.mol2
EN300-703997_i001_EN300-315786_i001_4_12_1	gold_soln_amine_3_m817_4.mol2	gold_soln_acide_2_m6664_12.mol2
EN300-703997_i001_EN300-194291_i002_4_16_1	gold_soln_amine_3_m817_4.mol2	gold_soln_acide_2_m6787_16.mol2
EN300-703997_i001_EN300-344045_i001_4_2_1	gold_soln_amine_3_m817_4.mol2	gold_soln_acide_2_m6937_2.mol2
EN300-703997_i001_EN300-1165841_i001_5_20_1	gold_soln_amine_3_m817_5.mol2	gold_soln_acide_1_m324_20.mol2
EN300-703997_i001_EN300-97777_i001_7_3_1	gold_soln_amine_3_m817_7.mol2	gold_soln_acide_1_m382_3.mol2
EN300-703997_i001_EN300-194291_i002_7_16_1	gold_soln_amine_3_m817_7.mol2	gold_soln_acide_2_m6787_16.mol2
EN300-136798_i002_EN300-107901_i001_10_14_1	gold_soln_amine_3_m877_10.mol2	gold_soln_acide_2_m6590_14.mol2
EN300-136798_i002_EN300-107901_i001_10_19_1	gold_soln_amine_3_m877_10.mol2	gold_soln_acide_2_m6590_19.mol2
EN300-136798_i002_EN300-223795_i001_10_6_1	gold_soln_amine_3_m877_10.mol2	gold_soln_acide_2_m6724_6.mol2
EN300-136798_i002_EN300-344045_i001_10_19_1	gold_soln_amine_3_m877_10.mol2	gold_soln_acide_2_m6937_19.mol2
EN300-136798_i002_EN300-1087079_i001_14_2_1	gold_soln_amine_3_m877_14.mol2	gold_soln_acide_1_m10295_2.mol2
EN300-136798_i002_EN300-1087079_i001_14_4_1	gold_soln_amine_3_m877_14.mol2	gold_soln_acide_1_m10295_4.mol2
EN300-136798_i002_EN300-1198129_i001_14_19_1	gold_soln_amine_3_m877_14.mol2	gold_soln_acide_1_m127_19.mol2
EN300-136798_i002_EN300-4287209_i001_14_19_1	gold_soln_amine_3_m877_14.mol2	gold_soln_acide_1_m195_19.mol2
EN300-136798_i002_EN300-4287209_i001_14_3_1	gold_soln_amine_3_m877_14.mol2	gold_soln_acide_1_m195_3.mol2
EN300-136798_i002_EN300-19857_i001_14_19_1	gold_soln_amine_3_m877_14.mol2	gold_soln_acide_1_m2793_19.mol2
EN300-136798_i002_EN300-19857_i001_14_20_1	gold_soln_amine_3_m877_14.mol2	gold_soln_acide_1_m2793_20.mol2
EN300-136798_i002_EN300-18555_i001_14_7_1	gold_soln_amine_3_m877_14.mol2	gold_soln_acide_1_m2798_7.mol2
EN300-136798_i002_EN300-1165841_i001_14_7_1	gold_soln_amine_3_m877_14.mol2	gold_soln_acide_1_m324_7.mol2
EN300-136798_i002_EN300-97777_i001_14_8_1	gold_soln_amine_3_m877_14.mol2	gold_soln_acide_1_m382_8.mol2
EN300-136798_i002_EN300-29801_i001_14_20_1	gold_soln_amine_3_m877_14.mol2	gold_soln_acide_1_m524_20.mol2
EN300-136798_i002_EN300-26870132_i002_14_12_1	gold_soln_amine_3_m877_14.mol2	gold_soln_acide_1_m6716_12.mol2
EN300-136798_i002_EN300-222254_i002_14_4_1	gold_soln_amine_3_m877_14.mol2	gold_soln_acide_2_m3756_4.mol2
EN300-136798_i002_EN300-306118_i001_14_2_1	gold_soln_amine_3_m877_14.mol2	gold_soln_acide_2_m6465_2.mol2
EN300-136798_i002_EN300-306118_i001_14_4_1	gold_soln_amine_3_m877_14.mol2	gold_soln_acide_2_m6465_4.mol2
EN300-136798_i002_EN300-306118_i001_14_7_1	gold_soln_amine_3_m877_14.mol2	gold_soln_acide_2_m6465_7.mol2
EN300-136798_i002_EN300-34862_i002_14_19_1	gold_soln_amine_3_m877_14.mol2	gold_soln_acide_2_m6525_19.mol2
EN300-136798_i002_EN300-223795_i001_14_13_1	gold_soln_amine_3_m877_14.mol2	gold_soln_acide_2_m6724_13.mol2
EN300-136798_i002_EN300-344045_i001_14_2_1	gold_soln_amine_3_m877_14.mol2	gold_soln_acide_2_m6937_2.mol2
EN300-136798_i002_EN300-34862_i002_16_10_1	gold_soln_amine_3_m877_16.mol2	gold_soln_acide_2_m6525_10.mol2
EN300-136798_i002_EN300-223795_i001_16_6_1	gold_soln_amine_3_m877_16.mol2	gold_soln_acide_2_m6724_6.mol2
EN300-136798_i002_EN300-1165841_i001_18_9_1	gold_soln_amine_3_m877_18.mol2	gold_soln_acide_1_m324_9.mol2
EN300-136798_i002_EN300-34862_i002_19_10_1	gold_soln_amine_3_m877_19.mol2	gold_soln_acide_2_m6525_10.mol2
EN300-136798_i002_EN300-701715_i002_20_20_1	gold_soln_amine_3_m877_20.mol2	gold_soln_acide_3_m292_20.mol2
EN300-136798_i002_EN300-97777_i001_5_10_1	gold_soln_amine_3_m877_5.mol2	gold_soln_acide_1_m382_10.mol2
EN300-136798_i002_EN300-1198129_i001_7_17_1	gold_soln_amine_3_m877_7.mol2	gold_soln_acide_1_m127_17.mol2
EN300-136798_i002_EN300-1198129_i001_7_19_1	gold_soln_amine_3_m877_7.mol2	gold_soln_acide_1_m127_19.mol2
EN300-136798_i002_EN300-1198129_i001_7_9_1	gold_soln_amine_3_m877_7.mol2	gold_soln_acide_1_m127_9.mol2
EN300-136798_i002_EN300-4287209_i001_7_6_1	gold_soln_amine_3_m877_7.mol2	gold_soln_acide_1_m195_6.mol2
EN300-136798_i002_EN300-1165841_i001_7_9_1	gold_soln_amine_3_m877_7.mol2	gold_soln_acide_1_m324_9.mol2
EN300-136798_i002_EN300-107901_i001_8_14_1	gold_soln_amine_3_m877_8.mol2	gold_soln_acide_2_m6590_14.mol2
EN300-136798_i002_EN300-107901_i001_8_19_1	gold_soln_amine_3_m877_8.mol2	gold_soln_acide_2_m6590_19.mol2
EN300-67628_i001_EN300-1231025_i001_10_12_1	gold_soln_amine_3_m937_10.mol2	gold_soln_acide_1_m268_12.mol2
EN300-67628_i001_EN300-1231025_i001_10_15_1	gold_soln_amine_3_m937_10.mol2	gold_soln_acide_1_m268_15.mol2
EN300-67628_i001_EN300-34862_i002_10_7_1	gold_soln_amine_3_m937_10.mol2	gold_soln_acide_2_m6525_7.mol2
EN300-67628_i001_EN300-307464_i001_10_14_1	gold_soln_amine_3_m937_10.mol2	gold_soln_acide_2_m6586_14.mol2
EN300-67628_i001_EN300-307464_i001_10_19_1	gold_soln_amine_3_m937_10.mol2	gold_soln_acide_2_m6586_19.mol2
EN300-67628_i001_EN300-307464_i001_10_6_1	gold_soln_amine_3_m937_10.mol2	gold_soln_acide_2_m6586_6.mol2
EN300-67628_i001_EN300-701715_i002_10_20_1	gold_soln_amine_3_m937_10.mol2	gold_soln_acide_3_m292_20.mol2
EN300-67628_i001_EN300-1231025_i001_13_1_1	gold_soln_amine_3_m937_13.mol2	gold_soln_acide_1_m268_1.mol2
EN300-67628_i001_EN300-1231025_i001_13_2_1	gold_soln_amine_3_m937_13.mol2	gold_soln_acide_1_m268_2.mol2
EN300-67628_i001_EN300-1231025_i001_13_5_1	gold_soln_amine_3_m937_13.mol2	gold_soln_acide_1_m268_5.mol2
EN300-67628_i001_EN300-19857_i001_13_14_1	gold_soln_amine_3_m937_13.mol2	gold_soln_acide_1_m2793_14.mol2
EN300-67628_i001_EN300-34862_i002_13_12_1	gold_soln_amine_3_m937_13.mol2	gold_soln_acide_2_m6525_12.mol2
EN300-67628_i001_EN300-194291_i002_13_13_1	gold_soln_amine_3_m937_13.mol2	gold_soln_acide_2_m6787_13.mol2
EN300-67628_i001_EN300-194291_i002_13_17_1	gold_soln_amine_3_m937_13.mol2	gold_soln_acide_2_m6787_17.mol2
EN300-67628_i001_EN300-43851_i001_13_17_1	gold_soln_amine_3_m937_13.mol2	gold_soln_acide_3_m206_17.mol2
EN300-67628_i001_EN300-43851_i001_13_9_1	gold_soln_amine_3_m937_13.mol2	gold_soln_acide_3_m206_9.mol2
EN300-67628_i001_EN300-206926_i001_13_19_1	gold_soln_amine_3_m937_13.mol2	gold_soln_acide_3_m420_19.mol2
EN300-67628_i001_EN300-1165841_i001_16_9_1	gold_soln_amine_3_m937_16.mol2	gold_soln_acide_1_m324_9.mol2
EN300-67628_i001_EN300-344045_i001_17_4_1	gold_soln_amine_3_m937_17.mol2	gold_soln_acide_2_m6937_4.mol2
EN300-67628_i001_EN300-1165841_i001_2_9_1	gold_soln_amine_3_m937_2.mol2	gold_soln_acide_1_m324_9.mol2
EN300-67628_i001_EN300-43851_i001_2_5_1	gold_soln_amine_3_m937_2.mol2	gold_soln_acide_3_m206_5.mol2
EN300-67628_i001_EN300-35009_i001_2_10_1	gold_soln_amine_3_m937_2.mol2	gold_soln_acide_3_m8936_10.mol2
EN300-67628_i001_EN300-35009_i001_2_12_1	gold_soln_amine_3_m937_2.mol2	gold_soln_acide_3_m8936_12.mol2
EN300-67628_i001_EN300-1231025_i001_8_1_1	gold_soln_amine_3_m937_8.mol2	gold_soln_acide_1_m268_1.mol2
EN300-67628_i001_EN300-194291_i002_8_10_1	gold_soln_amine_3_m937_8.mol2	gold_soln_acide_2_m6787_10.mol2
EN300-67628_i001_EN300-194291_i002_8_13_1	gold_soln_amine_3_m937_8.mol2	gold_soln_acide_2_m6787_13.mol2
EN300-67628_i001_EN300-43851_i001_8_17_1	gold_soln_amine_3_m937_8.mol2	gold_soln_acide_3_m206_17.mol2
EN300-67628_i001_EN300-1231025_i001_9_1_1	gold_soln_amine_3_m937_9.mol2	gold_soln_acide_1_m268_1.mol2
EN300-67628_i001_EN300-19857_i001_9_14_1	gold_soln_amine_3_m937_9.mol2	gold_soln_acide_1_m2793_14.mol2
EN300-67628_i001_EN300-19857_i001_9_15_1	gold_soln_amine_3_m937_9.mol2	gold_soln_acide_1_m2793_15.mol2
EN300-67628_i001_EN300-194291_i002_9_10_1	gold_soln_amine_3_m937_9.mol2	gold_soln_acide_2_m6787_10.mol2
EN300-67628_i001_EN300-194291_i002_9_13_1	gold_soln_amine_3_m937_9.mol2	gold_soln_acide_2_m6787_13.mol2
EN300-67628_i001_EN300-43851_i001_9_17_1	gold_soln_amine_3_m937_9.mol2	gold_soln_acide_3_m206_17.mol2
EN300-395701_i002_EN300-1231025_i001_15_10_1	gold_soln_amine_3_m975_15.mol2	gold_soln_acide_1_m268_10.mol2
EN300-395701_i002_EN300-1231025_i001_15_7_1	gold_soln_amine_3_m975_15.mol2	gold_soln_acide_1_m268_7.mol2
EN300-141346_i001_EN300-15782_i003_10_11_1	gold_soln_amine_4_m10279_10.mol2	gold_soln_acide_3_m9005_11.mol2
EN300-141346_i001_EN300-15782_i003_10_6_1	gold_soln_amine_4_m10279_10.mol2	gold_soln_acide_3_m9005_6.mol2
EN300-141346_i001_EN300-1198129_i001_13_10_1	gold_soln_amine_4_m10279_13.mol2	gold_soln_acide_1_m127_10.mol2
EN300-141346_i001_EN300-315786_i001_13_7_1	gold_soln_amine_4_m10279_13.mol2	gold_soln_acide_2_m6664_7.mol2
EN300-141346_i001_EN300-218565_i001_14_13_1	gold_soln_amine_4_m10279_14.mol2	gold_soln_acide_2_m3780_13.mol2
EN300-141346_i001_EN300-1198129_i001_16_11_1	gold_soln_amine_4_m10279_16.mol2	gold_soln_acide_1_m127_11.mol2
EN300-141346_i001_EN300-1198129_i001_16_19_1	gold_soln_amine_4_m10279_16.mol2	gold_soln_acide_1_m127_19.mol2
EN300-141346_i001_EN300-4287209_i001_16_3_1	gold_soln_amine_4_m10279_16.mol2	gold_soln_acide_1_m195_3.mol2
EN300-141346_i001_EN300-19857_i001_16_20_1	gold_soln_amine_4_m10279_16.mol2	gold_soln_acide_1_m2793_20.mol2
EN300-141346_i001_EN300-222254_i002_16_7_1	gold_soln_amine_4_m10279_16.mol2	gold_soln_acide_2_m3756_7.mol2
EN300-141346_i001_EN300-306118_i001_16_10_1	gold_soln_amine_4_m10279_16.mol2	gold_soln_acide_2_m6465_10.mol2
EN300-141346_i001_EN300-306118_i001_16_13_1	gold_soln_amine_4_m10279_16.mol2	gold_soln_acide_2_m6465_13.mol2
EN300-141346_i001_EN300-306118_i001_16_17_1	gold_soln_amine_4_m10279_16.mol2	gold_soln_acide_2_m6465_17.mol2
EN300-141346_i001_EN300-306118_i001_16_2_1	gold_soln_amine_4_m10279_16.mol2	gold_soln_acide_2_m6465_2.mol2
EN300-141346_i001_EN300-306118_i001_16_4_1	gold_soln_amine_4_m10279_16.mol2	gold_soln_acide_2_m6465_4.mol2
EN300-141346_i001_EN300-306118_i001_16_6_1	gold_soln_amine_4_m10279_16.mol2	gold_soln_acide_2_m6465_6.mol2
EN300-141346_i001_EN300-306118_i001_16_7_1	gold_soln_amine_4_m10279_16.mol2	gold_soln_acide_2_m6465_7.mol2
EN300-141346_i001_EN300-344045_i001_16_2_1	gold_soln_amine_4_m10279_16.mol2	gold_soln_acide_2_m6937_2.mol2
EN300-141346_i001_EN300-344045_i001_16_3_1	gold_soln_amine_4_m10279_16.mol2	gold_soln_acide_2_m6937_3.mol2
EN300-141346_i001_EN300-15782_i003_18_6_1	gold_soln_amine_4_m10279_18.mol2	gold_soln_acide_3_m9005_6.mol2
EN300-141346_i001_EN300-1071101_i001_20_8_1	gold_soln_amine_4_m10279_20.mol2	gold_soln_acide_1_m8527_8.mol2
EN300-141346_i001_EN300-315786_i001_4_13_1	gold_soln_amine_4_m10279_4.mol2	gold_soln_acide_2_m6664_13.mol2
EN300-141346_i001_EN300-15782_i003_5_6_1	gold_soln_amine_4_m10279_5.mol2	gold_soln_acide_3_m9005_6.mol2
EN300-141346_i001_EN300-1198129_i001_8_10_1	gold_soln_amine_4_m10279_8.mol2	gold_soln_acide_1_m127_10.mol2
EN300-193626_i001_EN300-34862_i002_14_1_1	gold_soln_amine_4_m10283_14.mol2	gold_soln_acide_2_m6525_1.mol2
EN300-193626_i001_EN300-1087079_i001_18_11_1	gold_soln_amine_4_m10283_18.mol2	gold_soln_acide_1_m10295_11.mol2
EN300-193626_i001_EN300-1087079_i001_18_3_1	gold_soln_amine_4_m10283_18.mol2	gold_soln_acide_1_m10295_3.mol2
EN300-193626_i001_EN300-1087079_i001_18_7_1	gold_soln_amine_4_m10283_18.mol2	gold_soln_acide_1_m10295_7.mol2
EN300-193626_i001_EN300-1165841_i001_18_10_1	gold_soln_amine_4_m10283_18.mol2	gold_soln_acide_1_m324_10.mol2
EN300-193626_i001_EN300-1165841_i001_18_17_1	gold_soln_amine_4_m10283_18.mol2	gold_soln_acide_1_m324_17.mol2
EN300-193626_i001_EN300-97777_i001_18_19_1	gold_soln_amine_4_m10283_18.mol2	gold_soln_acide_1_m382_19.mol2
EN300-193626_i001_EN300-222254_i002_18_11_1	gold_soln_amine_4_m10283_18.mol2	gold_soln_acide_2_m3756_11.mol2
EN300-193626_i001_EN300-222254_i002_18_20_1	gold_soln_amine_4_m10283_18.mol2	gold_soln_acide_2_m3756_20.mol2
EN300-193626_i001_EN300-34862_i002_18_1_1	gold_soln_amine_4_m10283_18.mol2	gold_soln_acide_2_m6525_1.mol2
EN300-193626_i001_EN300-34862_i002_18_14_1	gold_soln_amine_4_m10283_18.mol2	gold_soln_acide_2_m6525_14.mol2
EN300-193626_i001_EN300-34862_i002_18_16_1	gold_soln_amine_4_m10283_18.mol2	gold_soln_acide_2_m6525_16.mol2
EN300-193626_i001_EN300-34862_i002_18_3_1	gold_soln_amine_4_m10283_18.mol2	gold_soln_acide_2_m6525_3.mol2
EN300-193626_i001_EN300-34862_i002_18_4_1	gold_soln_amine_4_m10283_18.mol2	gold_soln_acide_2_m6525_4.mol2
EN300-193626_i001_EN300-107901_i001_18_10_1	gold_soln_amine_4_m10283_18.mol2	gold_soln_acide_2_m6590_10.mol2
EN300-193626_i001_EN300-107901_i001_18_16_1	gold_soln_amine_4_m10283_18.mol2	gold_soln_acide_2_m6590_16.mol2
EN300-193626_i001_EN300-107901_i001_18_7_1	gold_soln_amine_4_m10283_18.mol2	gold_soln_acide_2_m6590_7.mol2
EN300-193626_i001_EN300-223795_i001_18_17_1	gold_soln_amine_4_m10283_18.mol2	gold_soln_acide_2_m6724_17.mol2
EN300-193626_i001_EN300-223795_i001_18_6_1	gold_soln_amine_4_m10283_18.mol2	gold_soln_acide_2_m6724_6.mol2
EN300-193626_i001_EN300-344045_i001_18_10_1	gold_soln_amine_4_m10283_18.mol2	gold_soln_acide_2_m6937_10.mol2
EN300-193626_i001_EN300-344045_i001_18_8_1	gold_soln_amine_4_m10283_18.mol2	gold_soln_acide_2_m6937_8.mol2
EN300-193626_i001_EN300-701715_i002_18_19_1	gold_soln_amine_4_m10283_18.mol2	gold_soln_acide_3_m292_19.mol2
EN300-193626_i001_EN300-701715_i002_18_3_1	gold_soln_amine_4_m10283_18.mol2	gold_soln_acide_3_m292_3.mol2
EN300-193626_i001_EN300-701715_i002_18_7_1	gold_soln_amine_4_m10283_18.mol2	gold_soln_acide_3_m292_7.mol2
EN300-193626_i001_EN300-19857_i001_20_19_1	gold_soln_amine_4_m10283_20.mol2	gold_soln_acide_1_m2793_19.mol2
EN300-193626_i001_EN300-97777_i001_20_8_1	gold_soln_amine_4_m10283_20.mol2	gold_soln_acide_1_m382_8.mol2
EN300-193626_i001_EN300-222254_i002_20_9_1	gold_soln_amine_4_m10283_20.mol2	gold_soln_acide_2_m3756_9.mol2
EN300-193626_i001_EN300-4287209_i001_4_19_1	gold_soln_amine_4_m10283_4.mol2	gold_soln_acide_1_m195_19.mol2
EN300-193626_i001_EN300-4287209_i001_4_3_1	gold_soln_amine_4_m10283_4.mol2	gold_soln_acide_1_m195_3.mol2
EN300-193626_i001_EN300-19857_i001_4_19_1	gold_soln_amine_4_m10283_4.mol2	gold_soln_acide_1_m2793_19.mol2
EN300-193626_i001_EN300-19857_i001_4_20_1	gold_soln_amine_4_m10283_4.mol2	gold_soln_acide_1_m2793_20.mol2
EN300-193626_i001_EN300-222254_i002_4_7_1	gold_soln_amine_4_m10283_4.mol2	gold_soln_acide_2_m3756_7.mol2
EN300-193626_i001_EN300-222254_i002_4_9_1	gold_soln_amine_4_m10283_4.mol2	gold_soln_acide_2_m3756_9.mol2
EN300-193626_i001_EN300-306118_i001_4_10_1	gold_soln_amine_4_m10283_4.mol2	gold_soln_acide_2_m6465_10.mol2
EN300-193626_i001_EN300-306118_i001_4_13_1	gold_soln_amine_4_m10283_4.mol2	gold_soln_acide_2_m6465_13.mol2
EN300-193626_i001_EN300-306118_i001_4_2_1	gold_soln_amine_4_m10283_4.mol2	gold_soln_acide_2_m6465_2.mol2
EN300-193626_i001_EN300-306118_i001_4_4_1	gold_soln_amine_4_m10283_4.mol2	gold_soln_acide_2_m6465_4.mol2
EN300-193626_i001_EN300-306118_i001_4_6_1	gold_soln_amine_4_m10283_4.mol2	gold_soln_acide_2_m6465_6.mol2
EN300-193626_i001_EN300-306118_i001_4_7_1	gold_soln_amine_4_m10283_4.mol2	gold_soln_acide_2_m6465_7.mol2
EN300-193626_i001_EN300-223795_i001_4_13_1	gold_soln_amine_4_m10283_4.mol2	gold_soln_acide_2_m6724_13.mol2
EN300-193626_i001_EN300-344045_i001_4_2_1	gold_soln_amine_4_m10283_4.mol2	gold_soln_acide_2_m6937_2.mol2
EN300-193626_i001_EN300-19857_i001_8_19_1	gold_soln_amine_4_m10283_8.mol2	gold_soln_acide_1_m2793_19.mol2
EN300-193626_i001_EN300-1071101_i001_8_8_1	gold_soln_amine_4_m10283_8.mol2	gold_soln_acide_1_m8527_8.mol2
EN300-193626_i001_EN300-222254_i002_8_9_1	gold_soln_amine_4_m10283_8.mol2	gold_soln_acide_2_m3756_9.mol2
EN300-193626_i001_EN300-194291_i002_8_16_1	gold_soln_amine_4_m10283_8.mol2	gold_soln_acide_2_m6787_16.mol2
EN300-124870_i001_EN300-1165841_i001_19_15_1	gold_soln_amine_4_m5079_19.mol2	gold_soln_acide_1_m324_15.mol2
EN300-124870_i001_EN300-4287209_i001_2_4_1	gold_soln_amine_4_m5079_2.mol2	gold_soln_acide_1_m195_4.mol2
EN300-124870_i001_EN300-15782_i003_2_1_1	gold_soln_amine_4_m5079_2.mol2	gold_soln_acide_3_m9005_1.mol2
EN300-124870_i001_EN300-15782_i003_2_6_1	gold_soln_amine_4_m5079_2.mol2	gold_soln_acide_3_m9005_6.mol2
EN300-124870_i001_EN300-1165841_i001_4_10_1	gold_soln_amine_4_m5079_4.mol2	gold_soln_acide_1_m324_10.mol2
EN300-124870_i001_EN300-34862_i002_4_1_1	gold_soln_amine_4_m5079_4.mol2	gold_soln_acide_2_m6525_1.mol2
EN300-124870_i001_EN300-34862_i002_4_14_1	gold_soln_amine_4_m5079_4.mol2	gold_soln_acide_2_m6525_14.mol2
EN300-124870_i001_EN300-34862_i002_4_3_1	gold_soln_amine_4_m5079_4.mol2	gold_soln_acide_2_m6525_3.mol2
EN300-124870_i001_EN300-15782_i003_4_11_1	gold_soln_amine_4_m5079_4.mol2	gold_soln_acide_3_m9005_11.mol2
EN300-124870_i001_EN300-1198129_i001_5_11_1	gold_soln_amine_4_m5079_5.mol2	gold_soln_acide_1_m127_11.mol2
EN300-124870_i001_EN300-4287209_i001_5_19_1	gold_soln_amine_4_m5079_5.mol2	gold_soln_acide_1_m195_19.mol2
EN300-124870_i001_EN300-19857_i001_5_20_1	gold_soln_amine_4_m5079_5.mol2	gold_soln_acide_1_m2793_20.mol2
EN300-124870_i001_EN300-222254_i002_5_16_1	gold_soln_amine_4_m5079_5.mol2	gold_soln_acide_2_m3756_16.mol2
EN300-124870_i001_EN300-306118_i001_5_10_1	gold_soln_amine_4_m5079_5.mol2	gold_soln_acide_2_m6465_10.mol2
EN300-124870_i001_EN300-306118_i001_5_13_1	gold_soln_amine_4_m5079_5.mol2	gold_soln_acide_2_m6465_13.mol2
EN300-124870_i001_EN300-306118_i001_5_14_1	gold_soln_amine_4_m5079_5.mol2	gold_soln_acide_2_m6465_14.mol2
EN300-124870_i001_EN300-306118_i001_5_17_1	gold_soln_amine_4_m5079_5.mol2	gold_soln_acide_2_m6465_17.mol2
EN300-124870_i001_EN300-306118_i001_5_4_1	gold_soln_amine_4_m5079_5.mol2	gold_soln_acide_2_m6465_4.mol2
EN300-124870_i001_EN300-306118_i001_5_6_1	gold_soln_amine_4_m5079_5.mol2	gold_soln_acide_2_m6465_6.mol2
EN300-124870_i001_EN300-307464_i001_5_13_1	gold_soln_amine_4_m5079_5.mol2	gold_soln_acide_2_m6586_13.mol2
EN300-124870_i001_EN300-344045_i001_5_3_1	gold_soln_amine_4_m5079_5.mol2	gold_soln_acide_2_m6937_3.mol2
EN300-124870_i001_EN300-1165841_i001_6_10_1	gold_soln_amine_4_m5079_6.mol2	gold_soln_acide_1_m324_10.mol2
EN300-124870_i001_EN300-222254_i002_6_11_1	gold_soln_amine_4_m5079_6.mol2	gold_soln_acide_2_m3756_11.mol2
EN300-124870_i001_EN300-222254_i002_6_20_1	gold_soln_amine_4_m5079_6.mol2	gold_soln_acide_2_m3756_20.mol2
EN300-124870_i001_EN300-34862_i002_6_1_1	gold_soln_amine_4_m5079_6.mol2	gold_soln_acide_2_m6525_1.mol2
EN300-124870_i001_EN300-34862_i002_6_14_1	gold_soln_amine_4_m5079_6.mol2	gold_soln_acide_2_m6525_14.mol2
EN300-124870_i001_EN300-34862_i002_6_15_1	gold_soln_amine_4_m5079_6.mol2	gold_soln_acide_2_m6525_15.mol2
EN300-124870_i001_EN300-34862_i002_6_16_1	gold_soln_amine_4_m5079_6.mol2	gold_soln_acide_2_m6525_16.mol2
EN300-124870_i001_EN300-34862_i002_6_3_1	gold_soln_amine_4_m5079_6.mol2	gold_soln_acide_2_m6525_3.mol2
EN300-124870_i001_EN300-34862_i002_6_4_1	gold_soln_amine_4_m5079_6.mol2	gold_soln_acide_2_m6525_4.mol2
EN300-124870_i001_EN300-107901_i001_6_16_1	gold_soln_amine_4_m5079_6.mol2	gold_soln_acide_2_m6590_16.mol2
EN300-124870_i001_EN300-107901_i001_6_7_1	gold_soln_amine_4_m5079_6.mol2	gold_soln_acide_2_m6590_7.mol2
EN300-124870_i001_EN300-344045_i001_6_10_1	gold_soln_amine_4_m5079_6.mol2	gold_soln_acide_2_m6937_10.mol2
EN300-124870_i001_EN300-344045_i001_6_8_1	gold_soln_amine_4_m5079_6.mol2	gold_soln_acide_2_m6937_8.mol2
EN300-124870_i001_EN300-701715_i002_6_3_1	gold_soln_amine_4_m5079_6.mol2	gold_soln_acide_3_m292_3.mol2
EN300-124870_i001_EN300-701715_i002_6_7_1	gold_soln_amine_4_m5079_6.mol2	gold_soln_acide_3_m292_7.mol2
EN300-124870_i001_EN300-15782_i003_6_1_1	gold_soln_amine_4_m5079_6.mol2	gold_soln_acide_3_m9005_1.mol2
EN300-124870_i001_EN300-15782_i003_6_20_1	gold_soln_amine_4_m5079_6.mol2	gold_soln_acide_3_m9005_20.mol2
EN300-124870_i001_EN300-15782_i003_6_8_1	gold_soln_amine_4_m5079_6.mol2	gold_soln_acide_3_m9005_8.mol2
EN300-125606_i001_EN300-315786_i001_10_2_1	gold_soln_amine_4_m5092_10.mol2	gold_soln_acide_2_m6664_2.mol2
EN300-125606_i001_EN300-1165841_i001_11_20_1	gold_soln_amine_4_m5092_11.mol2	gold_soln_acide_1_m324_20.mol2
EN300-125606_i001_EN300-1165841_i001_16_20_1	gold_soln_amine_4_m5092_16.mol2	gold_soln_acide_1_m324_20.mol2
EN300-125606_i001_EN300-315786_i001_19_16_1	gold_soln_amine_4_m5092_19.mol2	gold_soln_acide_2_m6664_16.mol2
EN300-125606_i001_EN300-1165841_i001_2_2_1	gold_soln_amine_4_m5092_2.mol2	gold_soln_acide_1_m324_2.mol2
EN300-125606_i001_EN300-1165841_i001_2_20_1	gold_soln_amine_4_m5092_2.mol2	gold_soln_acide_1_m324_20.mol2
EN300-125606_i001_EN300-1165841_i001_5_20_1	gold_soln_amine_4_m5092_5.mol2	gold_soln_acide_1_m324_20.mol2
EN300-30341_i001_EN300-223795_i001_1_6_1	gold_soln_amine_4_m5100_1.mol2	gold_soln_acide_2_m6724_6.mol2
EN300-30341_i001_EN300-344045_i001_1_4_1	gold_soln_amine_4_m5100_1.mol2	gold_soln_acide_2_m6937_4.mol2
EN300-30341_i001_EN300-43851_i001_11_17_1	gold_soln_amine_4_m5100_11.mol2	gold_soln_acide_3_m206_17.mol2
EN300-30341_i001_EN300-222254_i002_19_20_1	gold_soln_amine_4_m5100_19.mol2	gold_soln_acide_2_m3756_20.mol2
EN300-30341_i001_EN300-107901_i001_19_17_1	gold_soln_amine_4_m5100_19.mol2	gold_soln_acide_2_m6590_17.mol2
EN300-30341_i001_EN300-223795_i001_19_6_1	gold_soln_amine_4_m5100_19.mol2	gold_soln_acide_2_m6724_6.mol2
EN300-30341_i001_EN300-223795_i001_19_9_1	gold_soln_amine_4_m5100_19.mol2	gold_soln_acide_2_m6724_9.mol2
EN300-30341_i001_EN300-344045_i001_19_4_1	gold_soln_amine_4_m5100_19.mol2	gold_soln_acide_2_m6937_4.mol2
EN300-30341_i001_EN300-223795_i001_4_6_1	gold_soln_amine_4_m5100_4.mol2	gold_soln_acide_2_m6724_6.mol2
EN300-30341_i001_EN300-34862_i002_7_10_1	gold_soln_amine_4_m5100_7.mol2	gold_soln_acide_2_m6525_10.mol2
EN300-30341_i001_EN300-107901_i001_7_14_1	gold_soln_amine_4_m5100_7.mol2	gold_soln_acide_2_m6590_14.mol2
EN300-30341_i001_EN300-344045_i001_7_19_1	gold_soln_amine_4_m5100_7.mol2	gold_soln_acide_2_m6937_19.mol2
EN300-269527_i002_EN300-1165841_i001_4_18_1	gold_soln_amine_7_m10216_4.mol2	gold_soln_acide_1_m324_18.mol2
EN300-269527_i002_EN300-1165841_i001_4_20_1	gold_soln_amine_7_m10216_4.mol2	gold_soln_acide_1_m324_20.mol2
EN300-269527_i002_EN300-315786_i001_4_16_1	gold_soln_amine_7_m10216_4.mol2	gold_soln_acide_2_m6664_16.mol2
EN300-269527_i002_EN300-1087079_i001_5_11_1	gold_soln_amine_7_m10216_5.mol2	gold_soln_acide_1_m10295_11.mol2
EN300-269527_i002_EN300-97777_i001_5_10_1	gold_soln_amine_7_m10216_5.mol2	gold_soln_acide_1_m382_10.mol2
EN300-269527_i002_EN300-34862_i002_5_2_1	gold_soln_amine_7_m10216_5.mol2	gold_soln_acide_2_m6525_2.mol2
EN300-269527_i002_EN300-34862_i002_5_20_1	gold_soln_amine_7_m10216_5.mol2	gold_soln_acide_2_m6525_20.mol2
EN300-269527_i002_EN300-223795_i001_5_6_1	gold_soln_amine_7_m10216_5.mol2	gold_soln_acide_2_m6724_6.mol2
EN300-269527_i002_EN300-223795_i001_5_9_1	gold_soln_amine_7_m10216_5.mol2	gold_soln_acide_2_m6724_9.mol2
EN300-269527_i002_EN300-1198129_i001_9_17_1	gold_soln_amine_7_m10216_9.mol2	gold_soln_acide_1_m127_17.mol2
EN300-269527_i002_EN300-1198129_i001_9_20_1	gold_soln_amine_7_m10216_9.mol2	gold_soln_acide_1_m127_20.mol2
EN300-269527_i002_EN300-4287209_i001_9_6_1	gold_soln_amine_7_m10216_9.mol2	gold_soln_acide_1_m195_6.mol2
EN300-269527_i002_EN300-1231025_i001_9_1_1	gold_soln_amine_7_m10216_9.mol2	gold_soln_acide_1_m268_1.mol2
EN300-269527_i002_EN300-19857_i001_9_14_1	gold_soln_amine_7_m10216_9.mol2	gold_soln_acide_1_m2793_14.mol2
EN300-269527_i002_EN300-19857_i001_9_15_1	gold_soln_amine_7_m10216_9.mol2	gold_soln_acide_1_m2793_15.mol2
EN300-269527_i002_EN300-19857_i001_9_19_1	gold_soln_amine_7_m10216_9.mol2	gold_soln_acide_1_m2793_19.mol2
EN300-269527_i002_EN300-1165841_i001_9_9_1	gold_soln_amine_7_m10216_9.mol2	gold_soln_acide_1_m324_9.mol2
EN300-269527_i002_EN300-29801_i001_9_1_1	gold_soln_amine_7_m10216_9.mol2	gold_soln_acide_1_m524_1.mol2
EN300-269527_i002_EN300-222254_i002_9_1_1	gold_soln_amine_7_m10216_9.mol2	gold_soln_acide_2_m3756_1.mol2
EN300-269527_i002_EN300-315786_i001_9_1_1	gold_soln_amine_7_m10216_9.mol2	gold_soln_acide_2_m6664_1.mol2
EN300-269527_i002_EN300-315786_i001_9_19_1	gold_soln_amine_7_m10216_9.mol2	gold_soln_acide_2_m6664_19.mol2
EN300-269527_i002_EN300-194291_i002_9_10_1	gold_soln_amine_7_m10216_9.mol2	gold_soln_acide_2_m6787_10.mol2
EN300-269527_i002_EN300-194291_i002_9_13_1	gold_soln_amine_7_m10216_9.mol2	gold_soln_acide_2_m6787_13.mol2
EN300-269527_i002_EN300-194291_i002_9_5_1	gold_soln_amine_7_m10216_9.mol2	gold_soln_acide_2_m6787_5.mol2
EN300-269527_i002_EN300-194291_i002_9_6_1	gold_soln_amine_7_m10216_9.mol2	gold_soln_acide_2_m6787_6.mol2
EN300-269527_i002_EN300-43851_i001_9_5_1	gold_soln_amine_7_m10216_9.mol2	gold_soln_acide_3_m206_5.mol2
EN300-269527_i002_EN300-206926_i001_9_13_1	gold_soln_amine_7_m10216_9.mol2	gold_soln_acide_3_m420_13.mol2
EN300-269527_i002_EN300-35009_i001_9_10_1	gold_soln_amine_7_m10216_9.mol2	gold_soln_acide_3_m8936_10.mol2
EN300-269527_i002_EN300-35009_i001_9_17_1	gold_soln_amine_7_m10216_9.mol2	gold_soln_acide_3_m8936_17.mol2
EN300-269527_i002_EN300-15782_i003_9_13_1	gold_soln_amine_7_m10216_9.mol2	gold_soln_acide_3_m9005_13.mol2
EN300-269527_i002_EN300-15782_i003_9_17_1	gold_soln_amine_7_m10216_9.mol2	gold_soln_acide_3_m9005_17.mol2
EN300-266730_i001_EN300-1198129_i001_10_16_1	gold_soln_amine_7_m10229_10.mol2	gold_soln_acide_1_m127_16.mol2
EN300-266730_i001_EN300-1198129_i001_10_9_1	gold_soln_amine_7_m10229_10.mol2	gold_soln_acide_1_m127_9.mol2
EN300-266730_i001_EN300-4287209_i001_10_6_1	gold_soln_amine_7_m10229_10.mol2	gold_soln_acide_1_m195_6.mol2
EN300-266730_i001_EN300-1165841_i001_10_9_1	gold_soln_amine_7_m10229_10.mol2	gold_soln_acide_1_m324_9.mol2
EN300-266730_i001_EN300-315786_i001_10_20_1	gold_soln_amine_7_m10229_10.mol2	gold_soln_acide_2_m6664_20.mol2
EN300-266730_i001_EN300-43851_i001_10_5_1	gold_soln_amine_7_m10229_10.mol2	gold_soln_acide_3_m206_5.mol2
EN300-266730_i001_EN300-206926_i001_10_13_1	gold_soln_amine_7_m10229_10.mol2	gold_soln_acide_3_m420_13.mol2
EN300-266730_i001_EN300-1165841_i001_13_20_1	gold_soln_amine_7_m10229_13.mol2	gold_soln_acide_1_m324_20.mol2
EN300-266730_i001_EN300-223795_i001_18_11_1	gold_soln_amine_7_m10229_18.mol2	gold_soln_acide_2_m6724_11.mol2
EN300-266730_i001_EN300-34862_i002_20_10_1	gold_soln_amine_7_m10229_20.mol2	gold_soln_acide_2_m6525_10.mol2
EN300-266730_i001_EN300-107901_i001_20_14_1	gold_soln_amine_7_m10229_20.mol2	gold_soln_acide_2_m6590_14.mol2
EN300-266730_i001_EN300-34862_i002_4_10_1	gold_soln_amine_7_m10229_4.mol2	gold_soln_acide_2_m6525_10.mol2
EN300-266730_i001_EN300-1165841_i001_6_18_1	gold_soln_amine_7_m10229_6.mol2	gold_soln_acide_1_m324_18.mol2
EN300-266730_i001_EN300-1165841_i001_6_20_1	gold_soln_amine_7_m10229_6.mol2	gold_soln_acide_1_m324_20.mol2
EN300-266730_i001_EN300-1198129_i001_9_17_1	gold_soln_amine_7_m10229_9.mol2	gold_soln_acide_1_m127_17.mol2
EN300-266730_i001_EN300-1198129_i001_9_20_1	gold_soln_amine_7_m10229_9.mol2	gold_soln_acide_1_m127_20.mol2
EN300-266730_i001_EN300-1198129_i001_9_9_1	gold_soln_amine_7_m10229_9.mol2	gold_soln_acide_1_m127_9.mol2
EN300-266730_i001_EN300-1165841_i001_9_9_1	gold_soln_amine_7_m10229_9.mol2	gold_soln_acide_1_m324_9.mol2
EN300-366294_i001_EN300-223795_i001_1_11_1	gold_soln_amine_7_m2142_1.mol2	gold_soln_acide_2_m6724_11.mol2
EN300-366294_i001_EN300-223795_i001_11_11_1	gold_soln_amine_7_m2142_11.mol2	gold_soln_acide_2_m6724_11.mol2
EN300-366294_i001_EN300-223795_i001_15_11_1	gold_soln_amine_7_m2142_15.mol2	gold_soln_acide_2_m6724_11.mol2
EN300-366294_i001_EN300-1231025_i001_17_3_1	gold_soln_amine_7_m2142_17.mol2	gold_soln_acide_1_m268_3.mol2
EN300-366294_i001_EN300-1659128_i002_6_12_1	gold_soln_amine_7_m2142_6.mol2	gold_soln_acide_1_m392_12.mol2
EN300-366294_i001_EN300-107901_i001_6_14_1	gold_soln_amine_7_m2142_6.mol2	gold_soln_acide_2_m6590_14.mol2
EN300-366294_i001_EN300-107901_i001_6_19_1	gold_soln_amine_7_m2142_6.mol2	gold_soln_acide_2_m6590_19.mol2
EN300-366294_i001_EN300-107901_i001_6_4_1	gold_soln_amine_7_m2142_6.mol2	gold_soln_acide_2_m6590_4.mol2
EN300-366294_i001_EN300-701715_i002_6_16_1	gold_soln_amine_7_m2142_6.mol2	gold_soln_acide_3_m292_16.mol2
EN300-05313_i001_EN300-34862_i002_17_10_1	gold_soln_amine_7_m3004_17.mol2	gold_soln_acide_2_m6525_10.mol2
EN300-05313_i001_EN300-35009_i001_3_10_1	gold_soln_amine_7_m3004_3.mol2	gold_soln_acide_3_m8936_10.mol2
EN300-05313_i001_EN300-35009_i001_3_12_1	gold_soln_amine_7_m3004_3.mol2	gold_soln_acide_3_m8936_12.mol2
EN300-05313_i001_EN300-1165841_i001_8_9_1	gold_soln_amine_7_m3004_8.mol2	gold_soln_acide_1_m324_9.mol2
EN300-05313_i001_EN300-315786_i001_8_12_1	gold_soln_amine_7_m3004_8.mol2	gold_soln_acide_2_m6664_12.mol2
EN300-05313_i001_EN300-1198129_i001_9_17_1	gold_soln_amine_7_m3004_9.mol2	gold_soln_acide_1_m127_17.mol2
EN300-05313_i001_EN300-1165841_i001_9_9_1	gold_soln_amine_7_m3004_9.mol2	gold_soln_acide_1_m324_9.mol2
EN300-05313_i001_EN300-35009_i001_9_10_1	gold_soln_amine_7_m3004_9.mol2	gold_soln_acide_3_m8936_10.mol2
EN300-05313_i001_EN300-15782_i003_9_17_1	gold_soln_amine_7_m3004_9.mol2	gold_soln_acide_3_m9005_17.mol2
EN300-11723_i002_EN300-1231025_i001_14_11_1	gold_soln_amine_7_m4345_14.mol2	gold_soln_acide_1_m268_11.mol2
EN300-11723_i002_EN300-1231025_i001_14_7_1	gold_soln_amine_7_m4345_14.mol2	gold_soln_acide_1_m268_7.mol2
EN300-11723_i002_EN300-307464_i001_14_13_1	gold_soln_amine_7_m4345_14.mol2	gold_soln_acide_2_m6586_13.mol2
EN300-11723_i002_EN300-206926_i001_14_9_1	gold_soln_amine_7_m4345_14.mol2	gold_soln_acide_3_m420_9.mol2
EN300-11723_i002_EN300-315786_i001_15_20_1	gold_soln_amine_7_m4345_15.mol2	gold_soln_acide_2_m6664_20.mol2
EN300-11723_i002_EN300-1198129_i001_18_19_1	gold_soln_amine_7_m4345_18.mol2	gold_soln_acide_1_m127_19.mol2
EN300-11723_i002_EN300-306118_i001_18_17_1	gold_soln_amine_7_m4345_18.mol2	gold_soln_acide_2_m6465_17.mol2
EN300-11723_i002_EN300-222254_i002_19_20_1	gold_soln_amine_7_m4345_19.mol2	gold_soln_acide_2_m3756_20.mol2
EN300-11723_i002_EN300-218565_i001_19_19_1	gold_soln_amine_7_m4345_19.mol2	gold_soln_acide_2_m3780_19.mol2
EN300-11723_i002_EN300-218565_i001_19_20_1	gold_soln_amine_7_m4345_19.mol2	gold_soln_acide_2_m3780_20.mol2
EN300-11723_i002_EN300-34862_i002_19_1_1	gold_soln_amine_7_m4345_19.mol2	gold_soln_acide_2_m6525_1.mol2
EN300-11723_i002_EN300-107901_i001_19_16_1	gold_soln_amine_7_m4345_19.mol2	gold_soln_acide_2_m6590_16.mol2
EN300-11723_i002_EN300-107901_i001_19_7_1	gold_soln_amine_7_m4345_19.mol2	gold_soln_acide_2_m6590_7.mol2
EN300-11723_i002_EN300-344045_i001_19_10_1	gold_soln_amine_7_m4345_19.mol2	gold_soln_acide_2_m6937_10.mol2
EN300-11723_i002_EN300-344045_i001_19_8_1	gold_soln_amine_7_m4345_19.mol2	gold_soln_acide_2_m6937_8.mol2
EN300-11723_i002_EN300-701715_i002_19_3_1	gold_soln_amine_7_m4345_19.mol2	gold_soln_acide_3_m292_3.mol2
EN300-11723_i002_EN300-701715_i002_19_7_1	gold_soln_amine_7_m4345_19.mol2	gold_soln_acide_3_m292_7.mol2
EN300-11723_i002_EN300-15782_i003_19_20_1	gold_soln_amine_7_m4345_19.mol2	gold_soln_acide_3_m9005_20.mol2
EN300-11723_i002_EN300-15782_i003_19_8_1	gold_soln_amine_7_m4345_19.mol2	gold_soln_acide_3_m9005_8.mol2
EN300-11723_i002_EN300-1198129_i001_3_19_1	gold_soln_amine_7_m4345_3.mol2	gold_soln_acide_1_m127_19.mol2
EN300-11723_i002_EN300-1198129_i001_3_2_1	gold_soln_amine_7_m4345_3.mol2	gold_soln_acide_1_m127_2.mol2
EN300-11723_i002_EN300-15782_i003_5_6_1	gold_soln_amine_7_m4345_5.mol2	gold_soln_acide_3_m9005_6.mol2
EN300-11723_i002_EN300-107901_i001_6_12_1	gold_soln_amine_7_m4345_6.mol2	gold_soln_acide_2_m6590_12.mol2
EN300-02904_i001_EN300-315786_i001_3_16_1	gold_soln_amine_7_m4351_3.mol2	gold_soln_acide_2_m6664_16.mol2
EN300-02904_i001_EN300-315786_i001_8_16_1	gold_soln_amine_7_m4351_8.mol2	gold_soln_acide_2_m6664_16.mol2
EN300-06567_i001_EN300-218565_i001_10_20_1	gold_soln_amine_7_m4380_10.mol2	gold_soln_acide_2_m3780_20.mol2
EN300-06567_i001_EN300-34862_i002_10_1_1	gold_soln_amine_7_m4380_10.mol2	gold_soln_acide_2_m6525_1.mol2
EN300-06567_i001_EN300-34862_i002_10_16_1	gold_soln_amine_7_m4380_10.mol2	gold_soln_acide_2_m6525_16.mol2
EN300-06567_i001_EN300-222254_i002_11_20_1	gold_soln_amine_7_m4380_11.mol2	gold_soln_acide_2_m3756_20.mol2
EN300-06567_i001_EN300-97777_i001_12_19_1	gold_soln_amine_7_m4380_12.mol2	gold_soln_acide_1_m382_19.mol2
EN300-06567_i001_EN300-701715_i002_12_7_1	gold_soln_amine_7_m4380_12.mol2	gold_soln_acide_3_m292_7.mol2
EN300-06567_i001_EN300-218565_i001_13_20_1	gold_soln_amine_7_m4380_13.mol2	gold_soln_acide_2_m3780_20.mol2
EN300-06567_i001_EN300-34862_i002_13_16_1	gold_soln_amine_7_m4380_13.mol2	gold_soln_acide_2_m6525_16.mol2
EN300-06567_i001_EN300-34862_i002_13_4_1	gold_soln_amine_7_m4380_13.mol2	gold_soln_acide_2_m6525_4.mol2
EN300-06567_i001_EN300-222254_i002_15_20_1	gold_soln_amine_7_m4380_15.mol2	gold_soln_acide_2_m3756_20.mol2
EN300-06567_i001_EN300-218565_i001_15_20_1	gold_soln_amine_7_m4380_15.mol2	gold_soln_acide_2_m3780_20.mol2
EN300-06567_i001_EN300-1231025_i001_19_11_1	gold_soln_amine_7_m4380_19.mol2	gold_soln_acide_1_m268_11.mol2
EN300-06567_i001_EN300-307464_i001_19_13_1	gold_soln_amine_7_m4380_19.mol2	gold_soln_acide_2_m6586_13.mol2
EN300-06567_i001_EN300-15782_i003_20_11_1	gold_soln_amine_7_m4380_20.mol2	gold_soln_acide_3_m9005_11.mol2
EN300-06567_i001_EN300-15782_i003_20_6_1	gold_soln_amine_7_m4380_20.mol2	gold_soln_acide_3_m9005_6.mol2
EN300-06567_i001_EN300-15782_i003_4_11_1	gold_soln_amine_7_m4380_4.mol2	gold_soln_acide_3_m9005_11.mol2
EN300-06567_i001_EN300-222254_i002_5_20_1	gold_soln_amine_7_m4380_5.mol2	gold_soln_acide_2_m3756_20.mol2
EN300-06567_i001_EN300-222254_i002_7_20_1	gold_soln_amine_7_m4380_7.mol2	gold_soln_acide_2_m3756_20.mol2
EN300-06567_i001_EN300-344045_i001_7_10_1	gold_soln_amine_7_m4380_7.mol2	gold_soln_acide_2_m6937_10.mol2
EN300-06567_i001_EN300-344045_i001_7_8_1	gold_soln_amine_7_m4380_7.mol2	gold_soln_acide_2_m6937_8.mol2
EN300-06567_i001_EN300-222254_i002_8_20_1	gold_soln_amine_7_m4380_8.mol2	gold_soln_acide_2_m3756_20.mol2
EN300-06567_i001_EN300-107901_i001_8_12_1	gold_soln_amine_7_m4380_8.mol2	gold_soln_acide_2_m6590_12.mol2
EN300-06567_i001_EN300-15782_i003_8_11_1	gold_soln_amine_7_m4380_8.mol2	gold_soln_acide_3_m9005_11.mol2
EN300-98433_i002_EN300-34862_i002_10_10_1	gold_soln_amine_7_m6375_10.mol2	gold_soln_acide_2_m6525_10.mol2
EN300-98433_i002_EN300-97777_i001_13_10_1	gold_soln_amine_7_m6375_13.mol2	gold_soln_acide_1_m382_10.mol2
EN300-98433_i002_EN300-1087079_i001_15_4_1	gold_soln_amine_7_m6375_15.mol2	gold_soln_acide_1_m10295_4.mol2
EN300-98433_i002_EN300-19857_i001_15_20_1	gold_soln_amine_7_m6375_15.mol2	gold_soln_acide_1_m2793_20.mol2
EN300-98433_i002_EN300-1165841_i001_15_7_1	gold_soln_amine_7_m6375_15.mol2	gold_soln_acide_1_m324_7.mol2
EN300-98433_i002_EN300-222254_i002_15_4_1	gold_soln_amine_7_m6375_15.mol2	gold_soln_acide_2_m3756_4.mol2
EN300-98433_i002_EN300-222254_i002_15_7_1	gold_soln_amine_7_m6375_15.mol2	gold_soln_acide_2_m3756_7.mol2
EN300-98433_i002_EN300-306118_i001_15_10_1	gold_soln_amine_7_m6375_15.mol2	gold_soln_acide_2_m6465_10.mol2
EN300-98433_i002_EN300-306118_i001_15_13_1	gold_soln_amine_7_m6375_15.mol2	gold_soln_acide_2_m6465_13.mol2
EN300-98433_i002_EN300-306118_i001_15_14_1	gold_soln_amine_7_m6375_15.mol2	gold_soln_acide_2_m6465_14.mol2
EN300-98433_i002_EN300-306118_i001_15_17_1	gold_soln_amine_7_m6375_15.mol2	gold_soln_acide_2_m6465_17.mol2
EN300-98433_i002_EN300-306118_i001_15_2_1	gold_soln_amine_7_m6375_15.mol2	gold_soln_acide_2_m6465_2.mol2
EN300-98433_i002_EN300-306118_i001_15_4_1	gold_soln_amine_7_m6375_15.mol2	gold_soln_acide_2_m6465_4.mol2
EN300-98433_i002_EN300-306118_i001_15_7_1	gold_soln_amine_7_m6375_15.mol2	gold_soln_acide_2_m6465_7.mol2
EN300-98433_i002_EN300-307464_i001_15_18_1	gold_soln_amine_7_m6375_15.mol2	gold_soln_acide_2_m6586_18.mol2
EN300-98433_i002_EN300-307464_i001_15_20_1	gold_soln_amine_7_m6375_15.mol2	gold_soln_acide_2_m6586_20.mol2
EN300-98433_i002_EN300-307464_i001_15_4_1	gold_soln_amine_7_m6375_15.mol2	gold_soln_acide_2_m6586_4.mol2
EN300-98433_i002_EN300-344045_i001_15_2_1	gold_soln_amine_7_m6375_15.mol2	gold_soln_acide_2_m6937_2.mol2
EN300-98433_i002_EN300-206926_i001_15_10_1	gold_soln_amine_7_m6375_15.mol2	gold_soln_acide_3_m420_10.mol2
EN300-98433_i002_EN300-35009_i001_15_16_1	gold_soln_amine_7_m6375_15.mol2	gold_soln_acide_3_m8936_16.mol2
EN300-109827_i001_EN300-15782_i003_1_6_1	gold_soln_amine_7_m6382_1.mol2	gold_soln_acide_3_m9005_6.mol2
EN300-109827_i001_EN300-315786_i001_10_12_1	gold_soln_amine_7_m6382_10.mol2	gold_soln_acide_2_m6664_12.mol2
EN300-109827_i001_EN300-1198129_i001_11_19_1	gold_soln_amine_7_m6382_11.mol2	gold_soln_acide_1_m127_19.mol2
EN300-109827_i001_EN300-1198129_i001_11_20_1	gold_soln_amine_7_m6382_11.mol2	gold_soln_acide_1_m127_20.mol2
EN300-109827_i001_EN300-1198129_i001_11_9_1	gold_soln_amine_7_m6382_11.mol2	gold_soln_acide_1_m127_9.mol2
EN300-109827_i001_EN300-19857_i001_11_19_1	gold_soln_amine_7_m6382_11.mol2	gold_soln_acide_1_m2793_19.mol2
EN300-109827_i001_EN300-97777_i001_11_3_1	gold_soln_amine_7_m6382_11.mol2	gold_soln_acide_1_m382_3.mol2
EN300-109827_i001_EN300-194291_i002_11_12_1	gold_soln_amine_7_m6382_11.mol2	gold_soln_acide_2_m6787_12.mol2
EN300-109827_i001_EN300-194291_i002_11_16_1	gold_soln_amine_7_m6382_11.mol2	gold_soln_acide_2_m6787_16.mol2
EN300-109827_i001_EN300-4287209_i001_13_4_1	gold_soln_amine_7_m6382_13.mol2	gold_soln_acide_1_m195_4.mol2
EN300-109827_i001_EN300-222254_i002_13_20_1	gold_soln_amine_7_m6382_13.mol2	gold_soln_acide_2_m3756_20.mol2
EN300-109827_i001_EN300-34862_i002_13_15_1	gold_soln_amine_7_m6382_13.mol2	gold_soln_acide_2_m6525_15.mol2
EN300-109827_i001_EN300-107901_i001_13_12_1	gold_soln_amine_7_m6382_13.mol2	gold_soln_acide_2_m6590_12.mol2
EN300-109827_i001_EN300-344045_i001_13_10_1	gold_soln_amine_7_m6382_13.mol2	gold_soln_acide_2_m6937_10.mol2
EN300-109827_i001_EN300-344045_i001_13_8_1	gold_soln_amine_7_m6382_13.mol2	gold_soln_acide_2_m6937_8.mol2
EN300-109827_i001_EN300-15782_i003_13_1_1	gold_soln_amine_7_m6382_13.mol2	gold_soln_acide_3_m9005_1.mol2
EN300-109827_i001_EN300-15782_i003_13_11_1	gold_soln_amine_7_m6382_13.mol2	gold_soln_acide_3_m9005_11.mol2
EN300-109827_i001_EN300-15782_i003_13_14_1	gold_soln_amine_7_m6382_13.mol2	gold_soln_acide_3_m9005_14.mol2
EN300-109827_i001_EN300-4287209_i001_14_4_1	gold_soln_amine_7_m6382_14.mol2	gold_soln_acide_1_m195_4.mol2
EN300-109827_i001_EN300-97777_i001_14_19_1	gold_soln_amine_7_m6382_14.mol2	gold_soln_acide_1_m382_19.mol2
EN300-109827_i001_EN300-222254_i002_14_20_1	gold_soln_amine_7_m6382_14.mol2	gold_soln_acide_2_m3756_20.mol2
EN300-109827_i001_EN300-34862_i002_14_14_1	gold_soln_amine_7_m6382_14.mol2	gold_soln_acide_2_m6525_14.mol2
EN300-109827_i001_EN300-34862_i002_14_15_1	gold_soln_amine_7_m6382_14.mol2	gold_soln_acide_2_m6525_15.mol2
EN300-109827_i001_EN300-34862_i002_14_4_1	gold_soln_amine_7_m6382_14.mol2	gold_soln_acide_2_m6525_4.mol2
EN300-109827_i001_EN300-107901_i001_14_12_1	gold_soln_amine_7_m6382_14.mol2	gold_soln_acide_2_m6590_12.mol2
EN300-109827_i001_EN300-344045_i001_14_10_1	gold_soln_amine_7_m6382_14.mol2	gold_soln_acide_2_m6937_10.mol2
EN300-109827_i001_EN300-344045_i001_14_8_1	gold_soln_amine_7_m6382_14.mol2	gold_soln_acide_2_m6937_8.mol2
EN300-109827_i001_EN300-15782_i003_14_1_1	gold_soln_amine_7_m6382_14.mol2	gold_soln_acide_3_m9005_1.mol2
EN300-109827_i001_EN300-15782_i003_14_14_1	gold_soln_amine_7_m6382_14.mol2	gold_soln_acide_3_m9005_14.mol2
EN300-109827_i001_EN300-1198129_i001_17_19_1	gold_soln_amine_7_m6382_17.mol2	gold_soln_acide_1_m127_19.mol2
EN300-109827_i001_EN300-1198129_i001_17_2_1	gold_soln_amine_7_m6382_17.mol2	gold_soln_acide_1_m127_2.mol2
EN300-109827_i001_EN300-97777_i001_17_3_1	gold_soln_amine_7_m6382_17.mol2	gold_soln_acide_1_m382_3.mol2
EN300-109827_i001_EN300-97777_i001_17_8_1	gold_soln_amine_7_m6382_17.mol2	gold_soln_acide_1_m382_8.mol2
EN300-109827_i001_EN300-306118_i001_17_13_1	gold_soln_amine_7_m6382_17.mol2	gold_soln_acide_2_m6465_13.mol2
EN300-109827_i001_EN300-344045_i001_17_2_1	gold_soln_amine_7_m6382_17.mol2	gold_soln_acide_2_m6937_2.mol2
EN300-109827_i001_EN300-1198129_i001_2_19_1	gold_soln_amine_7_m6382_2.mol2	gold_soln_acide_1_m127_19.mol2
EN300-109827_i001_EN300-4287209_i001_2_3_1	gold_soln_amine_7_m6382_2.mol2	gold_soln_acide_1_m195_3.mol2
EN300-109827_i001_EN300-97777_i001_2_8_1	gold_soln_amine_7_m6382_2.mol2	gold_soln_acide_1_m382_8.mol2
EN300-109827_i001_EN300-222254_i002_2_7_1	gold_soln_amine_7_m6382_2.mol2	gold_soln_acide_2_m3756_7.mol2
EN300-109827_i001_EN300-306118_i001_2_10_1	gold_soln_amine_7_m6382_2.mol2	gold_soln_acide_2_m6465_10.mol2
EN300-109827_i001_EN300-306118_i001_2_13_1	gold_soln_amine_7_m6382_2.mol2	gold_soln_acide_2_m6465_13.mol2
EN300-109827_i001_EN300-306118_i001_2_4_1	gold_soln_amine_7_m6382_2.mol2	gold_soln_acide_2_m6465_4.mol2
EN300-109827_i001_EN300-306118_i001_2_6_1	gold_soln_amine_7_m6382_2.mol2	gold_soln_acide_2_m6465_6.mol2
EN300-109827_i001_EN300-306118_i001_2_7_1	gold_soln_amine_7_m6382_2.mol2	gold_soln_acide_2_m6465_7.mol2
EN300-109827_i001_EN300-344045_i001_2_2_1	gold_soln_amine_7_m6382_2.mol2	gold_soln_acide_2_m6937_2.mol2
EN300-109827_i001_EN300-15782_i003_5_11_1	gold_soln_amine_7_m6382_5.mol2	gold_soln_acide_3_m9005_11.mol2
EN300-109827_i001_EN300-1087079_i001_8_11_1	gold_soln_amine_7_m6382_8.mol2	gold_soln_acide_1_m10295_11.mol2
EN300-109827_i001_EN300-1087079_i001_8_7_1	gold_soln_amine_7_m6382_8.mol2	gold_soln_acide_1_m10295_7.mol2
EN300-109827_i001_EN300-34862_i002_8_2_1	gold_soln_amine_7_m6382_8.mol2	gold_soln_acide_2_m6525_2.mol2
EN300-109827_i001_EN300-107901_i001_8_10_1	gold_soln_amine_7_m6382_8.mol2	gold_soln_acide_2_m6590_10.mol2
EN300-109827_i001_EN300-107901_i001_8_12_1	gold_soln_amine_7_m6382_8.mol2	gold_soln_acide_2_m6590_12.mol2
EN300-109827_i001_EN300-223795_i001_8_17_1	gold_soln_amine_7_m6382_8.mol2	gold_soln_acide_2_m6724_17.mol2
EN300-109827_i001_EN300-15782_i003_8_6_1	gold_soln_amine_7_m6382_8.mol2	gold_soln_acide_3_m9005_6.mol2
EN300-109827_i001_EN300-1198129_i001_9_11_1	gold_soln_amine_7_m6382_9.mol2	gold_soln_acide_1_m127_11.mol2
EN300-109827_i001_EN300-306118_i001_9_13_1	gold_soln_amine_7_m6382_9.mol2	gold_soln_acide_2_m6465_13.mol2
EN300-109827_i001_EN300-306118_i001_9_14_1	gold_soln_amine_7_m6382_9.mol2	gold_soln_acide_2_m6465_14.mol2
EN300-109827_i001_EN300-306118_i001_9_17_1	gold_soln_amine_7_m6382_9.mol2	gold_soln_acide_2_m6465_17.mol2
EN300-110418_i004_EN300-107901_i001_1_14_1	gold_soln_amine_7_m6400_1.mol2	gold_soln_acide_2_m6590_14.mol2
EN300-110418_i004_EN300-344045_i001_1_19_1	gold_soln_amine_7_m6400_1.mol2	gold_soln_acide_2_m6937_19.mol2
EN300-110418_i004_EN300-701715_i002_1_16_1	gold_soln_amine_7_m6400_1.mol2	gold_soln_acide_3_m292_16.mol2
EN300-110418_i004_EN300-1231025_i001_11_12_1	gold_soln_amine_7_m6400_11.mol2	gold_soln_acide_1_m268_12.mol2
EN300-110418_i004_EN300-1231025_i001_11_15_1	gold_soln_amine_7_m6400_11.mol2	gold_soln_acide_1_m268_15.mol2
EN300-110418_i004_EN300-1231025_i001_11_9_1	gold_soln_amine_7_m6400_11.mol2	gold_soln_acide_1_m268_9.mol2
EN300-110418_i004_EN300-307464_i001_11_14_1	gold_soln_amine_7_m6400_11.mol2	gold_soln_acide_2_m6586_14.mol2
EN300-110418_i004_EN300-307464_i001_11_19_1	gold_soln_amine_7_m6400_11.mol2	gold_soln_acide_2_m6586_19.mol2
EN300-110418_i004_EN300-307464_i001_11_6_1	gold_soln_amine_7_m6400_11.mol2	gold_soln_acide_2_m6586_6.mol2
EN300-110418_i004_EN300-701715_i002_11_20_1	gold_soln_amine_7_m6400_11.mol2	gold_soln_acide_3_m292_20.mol2
EN300-110418_i004_EN300-19857_i001_16_19_1	gold_soln_amine_7_m6400_16.mol2	gold_soln_acide_1_m2793_19.mol2
EN300-110418_i004_EN300-222254_i002_16_9_1	gold_soln_amine_7_m6400_16.mol2	gold_soln_acide_2_m3756_9.mol2
EN300-110418_i004_EN300-1165841_i001_17_10_1	gold_soln_amine_7_m6400_17.mol2	gold_soln_acide_1_m324_10.mol2
EN300-110418_i004_EN300-34862_i002_17_1_1	gold_soln_amine_7_m6400_17.mol2	gold_soln_acide_2_m6525_1.mol2
EN300-110418_i004_EN300-34862_i002_17_14_1	gold_soln_amine_7_m6400_17.mol2	gold_soln_acide_2_m6525_14.mol2
EN300-110418_i004_EN300-34862_i002_17_16_1	gold_soln_amine_7_m6400_17.mol2	gold_soln_acide_2_m6525_16.mol2
EN300-110418_i004_EN300-34862_i002_17_3_1	gold_soln_amine_7_m6400_17.mol2	gold_soln_acide_2_m6525_3.mol2
EN300-110418_i004_EN300-34862_i002_17_4_1	gold_soln_amine_7_m6400_17.mol2	gold_soln_acide_2_m6525_4.mol2
EN300-110418_i004_EN300-107901_i001_17_10_1	gold_soln_amine_7_m6400_17.mol2	gold_soln_acide_2_m6590_10.mol2
EN300-110418_i004_EN300-107901_i001_17_7_1	gold_soln_amine_7_m6400_17.mol2	gold_soln_acide_2_m6590_7.mol2
EN300-110418_i004_EN300-223795_i001_17_17_1	gold_soln_amine_7_m6400_17.mol2	gold_soln_acide_2_m6724_17.mol2
EN300-110418_i004_EN300-701715_i002_17_19_1	gold_soln_amine_7_m6400_17.mol2	gold_soln_acide_3_m292_19.mol2
EN300-110418_i004_EN300-4287209_i001_19_5_1	gold_soln_amine_7_m6400_19.mol2	gold_soln_acide_1_m195_5.mol2
EN300-110418_i004_EN300-19857_i001_19_8_1	gold_soln_amine_7_m6400_19.mol2	gold_soln_acide_1_m2793_8.mol2
EN300-110418_i004_EN300-701715_i002_19_20_1	gold_soln_amine_7_m6400_19.mol2	gold_soln_acide_3_m292_20.mol2
EN300-110418_i004_EN300-206926_i001_19_11_1	gold_soln_amine_7_m6400_19.mol2	gold_soln_acide_3_m420_11.mol2
EN300-110418_i004_EN300-206926_i001_19_3_1	gold_soln_amine_7_m6400_19.mol2	gold_soln_acide_3_m420_3.mol2
EN300-110418_i004_EN300-1198129_i001_20_17_1	gold_soln_amine_7_m6400_20.mol2	gold_soln_acide_1_m127_17.mol2
EN300-110418_i004_EN300-1198129_i001_20_20_1	gold_soln_amine_7_m6400_20.mol2	gold_soln_acide_1_m127_20.mol2
EN300-110418_i004_EN300-1198129_i001_20_9_1	gold_soln_amine_7_m6400_20.mol2	gold_soln_acide_1_m127_9.mol2
EN300-110418_i004_EN300-4287209_i001_20_6_1	gold_soln_amine_7_m6400_20.mol2	gold_soln_acide_1_m195_6.mol2
EN300-110418_i004_EN300-1231025_i001_20_1_1	gold_soln_amine_7_m6400_20.mol2	gold_soln_acide_1_m268_1.mol2
EN300-110418_i004_EN300-19857_i001_20_14_1	gold_soln_amine_7_m6400_20.mol2	gold_soln_acide_1_m2793_14.mol2
EN300-110418_i004_EN300-19857_i001_20_15_1	gold_soln_amine_7_m6400_20.mol2	gold_soln_acide_1_m2793_15.mol2
EN300-110418_i004_EN300-19857_i001_20_19_1	gold_soln_amine_7_m6400_20.mol2	gold_soln_acide_1_m2793_19.mol2
EN300-110418_i004_EN300-1165841_i001_20_9_1	gold_soln_amine_7_m6400_20.mol2	gold_soln_acide_1_m324_9.mol2
EN300-110418_i004_EN300-29801_i001_20_1_1	gold_soln_amine_7_m6400_20.mol2	gold_soln_acide_1_m524_1.mol2
EN300-110418_i004_EN300-1071101_i001_20_8_1	gold_soln_amine_7_m6400_20.mol2	gold_soln_acide_1_m8527_8.mol2
EN300-110418_i004_EN300-222254_i002_20_1_1	gold_soln_amine_7_m6400_20.mol2	gold_soln_acide_2_m3756_1.mol2
EN300-110418_i004_EN300-315786_i001_20_1_1	gold_soln_amine_7_m6400_20.mol2	gold_soln_acide_2_m6664_1.mol2
EN300-110418_i004_EN300-194291_i002_20_12_1	gold_soln_amine_7_m6400_20.mol2	gold_soln_acide_2_m6787_12.mol2
EN300-110418_i004_EN300-194291_i002_20_6_1	gold_soln_amine_7_m6400_20.mol2	gold_soln_acide_2_m6787_6.mol2
EN300-110418_i004_EN300-206926_i001_20_13_1	gold_soln_amine_7_m6400_20.mol2	gold_soln_acide_3_m420_13.mol2
EN300-110418_i004_EN300-206926_i001_20_19_1	gold_soln_amine_7_m6400_20.mol2	gold_soln_acide_3_m420_19.mol2
EN300-110418_i004_EN300-1165841_i001_8_18_1	gold_soln_amine_7_m6400_8.mol2	gold_soln_acide_1_m324_18.mol2
